EmployeeID,FullName,Age,Gender,Department,Designation,Email,Phone,City,Country,JoinDate,Salary,Status
EMP11171,Sohel Alam,36,female,Human Resources,Associate,sohel.alam25gmail.com,1012831486,Narayanganj,Bangladesh,9/28/2018,56765,active
EMP10794,Firoz Mollah,23,,Innovation Lab,Manager,firoz.mollah55@outlook.com,1866441598,Bogura,Bangladesh,14-12-2021,80167,Suspended
EMP11393,Jamal Chowdhury,56,MALE,Sales,Senior Executive,jamal.chowdhury78@yahoo.com,1596876198,Bogura,Bangladesh,4/15/2021,90395,Suspended
EMP10749,Bashir Hossain,36,Female,HR,Analyst,bashir.hossain74@outlook.com,1164788529,Chattogram,Bangladesh,20/01/2025,24808,Pending
EMP10877,Kamal Ahmed,50,male,Procurement,Junior Executive,kamal.ahmed61@yahoo.com,,Khulna,Bangladesh,1/10/2021,79726,inactive
EMP10888,  Tarek   Pramanik  ,30,FEMALE,Legal Affairs,Coordinator,tarek.pramanik50@@yahoo.com,1109528069,Khulna,Bangladesh,3/8/2018,134726,onleave
EMP10275,Ashraf Sarker,31,F,hr,Executive,ashraf.sarker85@yahoo.com,1205007513,Khulna,Bangladesh,12/9/2016,54743,Suspended
EMP11483,Nasrin Khatun,39,F,sales,Coordinator,nasrin.khatun22@outlook.com,1562868513,Chattogram,Bangladesh,26/12/2018,60339,ACTIVE
EMP11097,Sohel Parvin,26,male,IT,Deputy Manager,sohel.parvin90@gmail.com,1943797164,Chattogram,Bangladesh,,82249,Pending
EMP11374,Rahim Sultana,34,Female,Administration,Officer,rahim.sultana22@yahoo.com,1920718828,Bogura,Bangladesh,,-96823,Suspended
EMP11229,Momtaz Siddiqua,33,female,fin,Analyst,momtaz.siddiqua78@outlook.com,1704854822,Gazipur,BD,25/01/2018,141167,inactive
EMP10057,Karim Biswas,46,female,Marketing,Coordinator,karim.biswas80@outlook.com,,Rangpur,Bangladesh,24-01-2017,-61130,
EMP11013,Sadia Alam,n/a,female,I.T.,Deputy Manager,sadia.alam48@yahoo.com,1851120018,Barisal,BD,20/03/2024,139770,onleave
EMP10067,Habibur Sheikh,26,F,HR,Associate,habibur.sheikh59@outlook.com,1324350934,Mymensingh,Bangladesh,5/26/2016,85112,inactive
EMP10076,Kamal Karim,56,FEMALE,Procurement,Associate,kamal.karim91@outlook.com,Not Available,Gazipur,Bangladesh,9/4/2015,62687,
EMP10271,Sadia Rana,28,FEMALE,Business Intelligence,Officer,sadia.rana96@outlook.com,1505364847,Dhaka,Bangladesh,9/13/2021,65795,pending
EMP11064,Bashir Uddin,41,Man,Operations,Analyst,bashir.uddin36@outlook.com,1290591444,Mymensingh,BD,26/09/2020,96291,pending
EMP10418,  Karim   Alam  ,44,F,support,Associate,karim.alam27@gmail.com,1399775391,Rajshahi,Bangladesh,5/13/2025,86699,active
EMP10451,Firoz Parvin,51,Male,Procurement,Assistant Manager,firoz.parvin67@outlook.com,1610136191,Rangpur,Bangladesh,4/16/2025,40234,in-active
EMP10051,Zahid Sultana,24,MALE,fin,Team Lead,zahid.sultana61@yahoo.com,1085502163,Comilla,Bangladesh,31/02/2023,,
EMP10225,Nasima Biswas,36,MALE,fin,Assistant Manager,nasima.biswas8@gmail.com,1137515128,Narayanganj,BD,3/23/2017,26406,Suspended
EMP10543,Momtaz Sultana,-,MALE,IT,Junior Executive,momtaz.sultana45@outlook.com,1504303349,Barisal,Bangladesh,22/08/2023,139871,in-active
EMP10929,Rahim Rahman,35,MALE,Marketing,Junior Executive,rahim.rahman99@outlook.com,1288066855,Rangpur,BD,2/17/2016,149925,Suspended
EMP10660,Rafiq Ahmed,34,Female,it,Associate,rafiq.ahmed93@yahoo.com,1900847311,Bogura,Bangladesh,10/12/2018,68379,actve
EMP10163,Nasima Alam,52,M,fin,Associate,nasima.alam55@gmail.com,1543927726,Chattogram,Bangladesh,,-84309,in-active
EMP10976,Sultana Haque,50,FEMALE,admin,Assistant Manager,sultana.haque32@outlook.com,1848506902,Chattogram,Bangladesh,10/8/2018,58738,Pending
EMP11092,  Kabir   Mahmud  ,28,female,Logistics,Executive,kabir.mahmud16@gmail.com,1458321845,Comilla,bangladesh,14-03-2020,,onleave
EMP10986,Anisur Mahmud,58,F,Research & Development,Manager,,1410615382,Chattogram,Bangladesh,20/07/2025,28736,INACTIVE
EMP10837,Ayesha Khan,43,Woman,I.T.,Team Lead,ayesha.khan62@yahoo.com,1008421913,Rangpur,Bangladesh,3/18/2015,27505,INACTIVE
EMP10833,Fatima Sheikh,22,Woman,Operations,Head of Department,fatima.sheikh77@gmail.com,1635967962,Sylhet,Bangladesh,9/11/2016,-60642,Inactive
EMP10514,Jamal Khan,21,FEMALE,IT,Head of Department,jamal.khan77@outlook.com,1138123175,Chattogram,Bangladesh,,119749,Active
EMP11322,  Faruk   Parvin  ,24,Man,logisitcs,Team Lead,faruk.parvin44@outlook.com,1414863010,Rangpur,Bangladesh,12/9/2018,35440,Suspended
EMP11066,Nasima Akter,43,Male,Operations,Junior Executive,nasima.akter61@outlook.com,1071083232,Mymensingh,Bangladesh,14/06/2020,57879,active
EMP10464,  Anisur   Hossain  ,23,MALE,Sales,Junior Executive,anisur.hossain7@yahoo.com,110873601,Bogura,Bangladesh,,139421,ACTIVE
EMP11248,Ruma Haque,N/A,FEMALE,Operations,Head of Department,ruma.haque75@yahoo.com,1124399676,Khulna,Bangladesh,28-03-2016,132414,On Leave
EMP11387,Rashed Sarker,,F,Finance,Senior Officer,rashed.sarker30@outlook.com,1517223852,Barisal,Bangladesh,13/10/2024,115475,Inactive
EMP10643,Sultana Miah,N/A,Male,logisitcs,Analyst,sultana.miah49@outlook.com,150835820,Sylhet,Bangladesh,2/6/2015,52252,Active
EMP10748,Afroza Sultana,53,F,Human Resources,Junior Executive,afroza.sultana61@outlook.com,Not Available,Bogura,Bangladesh,,36548,Suspended
EMP11487,Imran Parvin,,Male,Operations,Assistant Manager,imran.parvin41@outlook.com,1792077593,Rangpur,Bangladesh,21/04/2020,Not Available,Pending
EMP10027,  Afroza   Rahman  ,49,MALE,Marketing,Associate,afroza.rahman87@yahoo.com,1480834558,Gazipur,Bangladesh,11/9/2018,41002,inactive
EMP10191,Shathi Khan,32,MALE,HR,Senior Executive,shathi.khan36@gmail.com,1844717557,Dhaka,Bangladesh,24/05/2019,31332,
EMP10365,Lubna Akter,,Male,fin,Senior Officer,lubna.akter54@gmail.com,160219204,Narayanganj,Bangladesh,6/12/2019,37290,Inactive
EMP11390,Nurjahan Talukder,N/A,male,IT,Junior Executive,nurjahan.talukder3@yahoo.com,1763372857,Bogura,BD,2/12/2017,106563,inactive
EMP11199,Hasan Khatun,34,FEMALE,Finance,Analyst,,1660983762,Barisal,Bangladesh,5/9/2018,75564,onleave
EMP11477,Parveen Karim,48,Male,Sales,Team Lead,parveen.karim43@outlook.com,1326967493,Rangpur,BD,31/02/2023,84068,in-active
EMP10420,Rafiq Karim,44,Man,Human Resources,Team Lead,rafiq.karim47@yahoo.com,1183380801,Sylhet,Bangladesh,10/12/2017,100923,inactive
EMP11091,Tahmina Talukder,30,MALE,Operations,Senior Officer,tahmina.talukder98@outlook.com,1227199799,Sylhet,Bangladesh,9/22/2017,100196,onleave
EMP10644,Rupa Pramanik,38,female,Finance,Head of Department,rupa.pramanik89@outlook.com,1184293409,Khulna,Bangladesh,27-12-2015,43924,INACTIVE
EMP11202,Dilruba Begum,33,Male,I.T.,Executive,dilruba.begum82@gmail.com,1499020898,Rangpur,Bangladesh,27-02-2019,49241,Active
EMP11198,Tania Ahmed,59,female,admin,Junior Executive,tania.ahmed77@gmail.com,1927836810,Rangpur,Bangladesh,13-04-2017,148100,On Leave
EMP10295,Kawsar Mollah,40,F,support,Manager,kawsar.mollah87@yahoo.com,1441877517,Dhaka,Bangladesh,10/5/2018,unknown,in-active
EMP10793,Jamal Khatun,21,MALE,Logistics,Senior Executive,jamal.khatun14@outlook.com,1247254061,Mymensingh,Bangladesh,10/3/2025,Not Provided,
EMP10571,Rubel Talukder,twenty five,Male,Customer Support,Junior Executive,rubel.talukder58@gmail.com,1922438017,Chattogram,Bangladesh,,59284,actve
EMP11233,Rashed Uddin,36,Man,Marketing,Officer,rashed.uddin76@yahoo.com,1413055628,Rangpur,Bangladesh,13-03-2016,58888,onleave
EMP11439,Sadia Mahmud,N/A,MALE,Logistics,Coordinator,sadia.mahmud83@gmail.com,1531606481,Chattogram,Bangladesh,1/11/2016,142968,Active
EMP10724,Shahana Khatun,49,Female,Finance,Manager,shahana.khatun22@outlook.com,1510346771,Sylhet,Bangladesh,9/11/2021,39176,active
EMP11026,Jannatul Sheikh,,Woman,fin,Head of Department,jannatul.sheikh52@outlook.com,1027910957,Mymensingh,Bangladesh,6/16/2019,137161,ACTIVE
EMP10839,Kamal Rana,n/a,Female,support,Junior Executive,kamal.rana18@yahoo.com,1282990788,Chattogram,Bangladesh,6/11/2018,34369,On Leave
EMP10554,  Rowshan   Mahmud  ,39,Male,Logistics,Junior Executive,rowshan.mahmud76@@yahoo.com,1061782763,Khulna,Bangladesh,9/6/2023,73384,actve
EMP11361,Mamun Begum,,M,Finance,Associate,mamun.begum42@gmail.com,1643220827,Gazipur,Bangladesh,13-05-2016,149656,actve
EMP11038,Ashraf Mahmud,59,Man,IT,Deputy Manager,ashraf.mahmud18@outlook.com,1295151935,Sylhet,Bangladesh,3/21/2025,54539,ACTIVE
EMP10979,Sultana Miah,27,Male,fin,Assistant Manager,sultana.miah61@outlook.com,1128486845,Comilla,Bangladesh,5/5/2019,,Inactive
EMP11266,Rupa Karim,53,Male,Logistics,Team Lead,rupa.karim98@outlook.com,1064785219,Bogura,Bangladesh,20-01-2018,121715,active
EMP10303,Rowshan Ali,55,Woman,Marketing,Deputy Manager,rowshan.ali67@outlook.com,1184141830,Gazipur,Bangladesh,8/14/2019,,actve
EMP10103,Imran Talukder,-,FEMALE,markting,Officer,imran.talukder27@yahoo.com,1755265258,Narayanganj,Bangladesh,12/3/2018,28803,
EMP10339,Sajib Ahmed,55,Male,sales,Analyst,,1414422794,Barisal,Bangladesh,,,onleave
EMP10498,Sultana Ali,twenty five,M,Research & Development,Associate,sultana.ali88@yahoo.com,1628596025,Rangpur,Bangladesh,1/2/2025,80013,Suspended
EMP10736,Roksana Haque,55,F,IT,Head of Department,roksana.haque27@outlook.com,1761966891,Narayanganj,Bangladesh,8/16/2015,-144897,ACTIVE
EMP10650,Rashed Sarker,55,F,Human Resources,Assistant Manager,rashed.sarker61@gmail.com,1662119007,Bogura,Bangladesh,5/23/2017,Not Available,Pending
EMP10617,Nasima Chowdhury,44,FEMALE,Marketing,Coordinator,nasima.chowdhury75@outlook.com,1318142384,Chattogram,Bangladesh,3/13/2024,92093,Active
EMP11294,Sadia Bhuiyan,51,Female,Legal Affairs,Executive,sadia.bhuiyan3@yahoo.com,174780904,Rangpur,Bangladesh,3/14/2025,97896,pending
EMP10380,Rashed Molla,21,male,markting,Manager,rashed.molla20@gmail.com,,Dhaka,Bangladesh,22-04-2025,-61820,
EMP11271,Rehana Haque,23,Woman,Marketing,Team Lead,rehana.haque75@gmail.com,1121791373,Narayanganj,Bangladesh,27/02/2025,122865,pending
EMP10669,Iqbal Khan,n/a,M,support,Senior Officer,iqbal.khan47@yahoo.com,1882146365,Rajshahi,Bangladesh,6/8/2025,25484,Inactive
EMP11244,Shakil Khatun,34,,it,Coordinator,shakil.khatun79@gmail.com,108193733,Bogura,Bangladesh,3/26/2019,26952,Pending
EMP10665,Jannatul Uddin,25,M,Operations,Associate,jannatul.uddin22@outlook.com,1121178600,Bogura,Bangladesh,4/3/2023,-48776,Suspended
EMP10089,Alamgir Sarker,N/A,M,Finance,Analyst,alamgir.sarker37@gmail.com,1224676972,Narayanganj,Bangladesh,13-03-2015,134727,pending
EMP11261,Nasir Mollah,50,female,support,Head of Department,nasir.mollah48@gmail.com,1615121862,Barisal,Bangladesh,8/12/2021,-31107,in-active
EMP10908,Roksana Begum,37,Male,Finance,Executive,roksana.begum38@@gmail.com,1714367337,Rangpur,Bangladesh,17/06/2025,Not Provided,active
EMP10860,Meherun Talukder,thirty two,male,IT,Junior Executive,meherun.talukder55@yahoo.com,1426497288,Comilla,Bangladesh,,-39655,
EMP11090,Salma Mollah,48,Male,IT,Deputy Manager,salma.mollah89@gmail.com,1368873144,Sylhet,Bangladesh,10/14/2020,132002,onleave
EMP10775,Jamal Mollah,33,Man,Administration,Associate,jamal.mollah45@yahoo.com,1061094344,Gazipur,Bangladesh,9/7/2019,52205,Active
EMP10101,Salma Bhuiyan,55,Woman,Administration,Executive,salma.bhuiyan41@gmail.com,1818323465,Rangpur,Bangladesh,7/14/2025,63094,
EMP10574,Tanvir Khan,twenty five,FEMALE,Marketing,Officer,tanvir.khan77@outlook.com,1231718958,Narayanganj,Bangladesh,7/17/2016,90354,Inactive
EMP10066,Fatima Mollah,twenty five,Woman,Marketing,Junior Executive,fatima.mollah91@yahoo.com,1340342704,Dhaka,Bangladesh,,-108188,inactive
EMP10505,Sohel Chowdhury,43,MALE,I.T.,Senior Executive,sohel.chowdhury88@outlook.com,1246423974,Gazipur,Bangladesh,27/11/2020,127812,INACTIVE
EMP10327,Shakil Chowdhury,34,MALE,Legal Affairs,Senior Officer,shakil.chowdhury76@yahoo.com,1240044372,Rajshahi,Bangladesh,10/12/2019,,Active
EMP10302,Shahana Molla,25,Man,IT,Executive,shahana.molla90@gmail.com,1664762740,Dhaka,BD,8/3/2023,112290,INACTIVE
EMP10060,Shathi Rana,53,MALE,Human Resources,Assistant Manager,shathi.rana75@gmail.com,1995214714,Khulna,Bangladesh,3/9/2016,39673,INACTIVE
EMP10250,Anwar Hossain,55,female,Finance,Senior Officer,anwar.hossain81@outlook.com,116518883,Rangpur,Bangladesh,7/11/2020,Not Available,Pending
EMP10445,Sabbir Ahmed,40,F,Operations,Head of Department,sabbir.ahmed61@gmail.com,1337486745,Rangpur,BD,2/22/2023,90053,active
EMP10264,Kamal Khatun,unknown,Woman,Marketing,Executive,kamal.khatun19@gmail.com,167953079,Sylhet,BD,1/12/2024,77113,Pending
EMP10099,Shirina Karim,thirty two,female,ops,Officer,shirina.karim92@yahoo.com,1331689949,Comilla,Bangladesh,3/20/2016,68704,On Leave
EMP10265,Delwar Siddiqua,33,Female,Human Resources,Senior Officer,delwar.siddiqua74@yahoo.com,1000981489,Bogura,Bangladesh,11/9/2023,126803,
EMP10401,Nasir Ali,51,F,Operations,Senior Officer,nasir.ali57@yahoo.com,1832787482,Chattogram,Bangladesh,31/02/2023,-97668,On Leave
EMP10764,Shirina Pramanik,23,FEMALE,Quality Assurance,Analyst,shirina.pramanik99@gmail.com,1162699201,Dhaka,Bangladesh,14-09-2022,83096,active
EMP10508,Ashraf Sheikh,30,Male,ops,Senior Executive,ashraf.sheikh79@gmail.com,143200316,Rangpur,Bangladesh,10/11/2016,50207,INACTIVE
EMP10316,Tahmina Mollah,,F,Legal Affairs,Senior Executive,tahmina.mollah23@yahoo.com,1359310454,Rangpur,Bangladesh,21/11/2019,56190,active
EMP10972,Hasan Islam,47,Man,Marketing,Manager,hasan.islam8@outlook.com,1688591430,Dhaka,Bangladesh,10/10/2017,-100354,Suspended
EMP10274,Mamun Miah,59,FEMALE,Marketing,Executive,mamun.miah21@yahoo.com,Not Available,Comilla,bangladesh,27-08-2020,144536,onleave
EMP10326,Iqbal Mollah,,Man,Marketing,Coordinator,,1127023452,Rangpur,Bangladesh,8/23/2021,31807,Inactive
EMP10631,Shirina Bhuiyan,49,male,Finance,Assistant Manager,shirina.bhuiyan70@gmail.com,1553916859,Sylhet,Bangladesh,3/6/2021,,in-active
EMP10442,Ayesha Sarker,,Male,Finance,Junior Executive,ayesha.sarker77@yahoo.com,1424010201,Dhaka,BD,13/07/2016,,inactive
EMP10287,Shirina Haque,N/A,Man,Marketing,Officer,shirina.haque93@outlook.com,1354368054,Narayanganj,bangladesh,2/12/2016,130423,Inactive
EMP10485,Rafiq Mollah,,male,Human Resources,Executive,rafiq.mollah87@yahoo.com,1710593203,Khulna,Bangladesh,8/25/2019,145518,INACTIVE
EMP10896,Nasir Pramanik,27,Man,Sales,Associate,nasir.pramanik77@yahoo.com,177268114,Rangpur,Bangladesh,2/7/2020,Not Available,ACTIVE
EMP10668,Nasima Akter,38,male,Operations,Senior Executive,nasima.akter53@yahoo.com,1938480428,Narayanganj,Bangladesh,,92420,in-active
EMP11147,Selim Sheikh,53,MALE,Research & Development,Manager,selim.sheikh29@yahoo.com,1637332556,Narayanganj,Bangladesh,,-93327,Active
EMP10664,Rahim Molla,,MALE,Marketing,Junior Executive,rahim.molla46@gmail.com,1135200615,Dhaka,Bangladesh,23/12/2024,30906,inactive
EMP10337,Salma Siddiqua,,Woman,Operations,Officer,salma.siddiqua42@gmail.com,1491798669,Bogura,Bangladesh,8/3/2015,102692,actve
EMP10804,Delwar Sarker,53,M,Sales,Executive,delwar.sarker73@gmail.com,1753240873,Rangpur,Bangladesh,2/26/2016,-149030,onleave
EMP10382,Golam Khan,51,Female,Business Intelligence,Head of Department,golam.khan78@gmail.com,1905729529,Rangpur,Bangladesh,8/25/2019,119489,Inactive
EMP10434,Iqbal Rahman,,FEMALE,Sales,Assistant Manager,iqbal.rahman57@@gmail.com,1780319991,Barisal,Bangladesh,14-10-2022,134213,ACTIVE
EMP10828,Shathi Uddin,39,Woman,Marketing,Executive,shathi.uddin89@gmail.com,1705187153,Bogura,Bangladesh,12/6/2016,73685,Inactive
EMP11309,Sajib Ahmed,24,FEMALE,Operations,Team Lead,,1220472734,Dhaka,Bangladesh,26-02-2018,75797,active
EMP10924,Sohel Sultana,31,Female,IT,Senior Executive,,1363445913,Bogura,Bangladesh,8/20/2018,32981,active
EMP10662,Marzia Sheikh,28,FEMALE,Logistics,Officer,marzia.sheikh62@yahoo.com,1213485888,Khulna,BD,,N/A,in-active
EMP10970,Nasima Alam,33,Man,Marketing,Assistant Manager,nasima.alam80@yahoo.com,1667253348,Rajshahi,Bangladesh,27-04-2021,47697,INACTIVE
EMP11358,Afroza Sultana,50,MALE,Logistics,Team Lead,afroza.sultana4@@outlook.com,1576746975,Sylhet,Bangladesh,9/23/2019,unknown,Suspended
EMP10462,  Rehana   Mahmud  ,56,F,sales,Head of Department,rehana.mahmud39@gmail.com,179523790,Chattogram,Bangladesh,,105520,Active
EMP10598,Nurjahan Parvin,52,MALE,Administration,Coordinator,nurjahan.parvin93gmail.com,1969302352,Barisal,Bangladesh,18-06-2024,95511,pending
EMP10256,Chaity Biswas,41,Female,Administration,Senior Officer,chaity.biswas92@gmail.com,1372573113,Bogura,Bangladesh,,29220,Suspended
EMP10799,  Rehana   Uddin  ,,Female,Logistics,Manager,rehana.uddin98@gmail.com,1429190916,Rajshahi,Bangladesh,7/12/2015,-94731,INACTIVE
EMP10121,Iqbal Sheikh,,FEMALE,hr,Assistant Manager,iqbal.sheikh1@yahoo.com,1489841936,Rangpur,Bangladesh,4/4/2024,67598,Suspended
EMP10783,Imran Mollah,29,female,Logistics,Assistant Manager,imran.mollah23@outlook.com,1878584312,Bogura,Bangladesh,3/5/2018,unknown,in-active
EMP11268,Tania Islam,57,FEMALE,Quality Assurance,Manager,tania.islam30@yahoo.com,199341161,Rajshahi,Bangladesh,28/09/2017,70364,actve
EMP11034,Lubna Sultana,47,FEMALE,Finance,Senior Officer,lubna.sultana28@yahoo.com,1521105287,Rajshahi,Bangladesh,9/4/2021,124039,inactive
EMP10800,Nasima Chowdhury,50,FEMALE,IT,Head of Department,nasima.chowdhury60@outlook.com,1654118994,Mymensingh,Bangladesh,9/2/2024,67186,in-active
EMP10657,Rashed Pramanik,29,Man,Procurement,Assistant Manager,rashed.pramanik62@gmail.com,1717562113,Mymensingh,Bangladesh,11/3/2017,110996,actve
EMP11255,  Rupa   Parvin  ,26,male,Human Resources,Team Lead,rupa.parvin46@outlook.com,1937784888,Rangpur,BD,11/11/2018,,actve
EMP11366,Shahana Parvin,46,Man,HR,Assistant Manager,shahana.parvin75@yahoo.com,1365910546,Gazipur,Bangladesh,2/4/2023,-57806,ACTIVE
EMP10044,Mahfuz Bhuiyan,48,F,Sales,Executive,mahfuz.bhuiyan1@yahoo.com,1952835075,Rajshahi,Bangladesh,5/6/2016,148734,active
EMP10850,Rahim Khan,54,Female,Research & Development,Officer,rahim.khan31@gmail.com,1299228896,Khulna,Bangladesh,1/24/2016,,actve
EMP11062,Salma Rana,N/A,male,Marketing,Manager,salma.rana39@outlook.com,1630873484,Barisal,Bangladesh,17-04-2015,66026,ACTIVE
EMP10613,Nurjahan Begum,,Female,fin,Senior Executive,nurjahan.begum62yahoo.com,1217330773,Rangpur,Bangladesh,9/8/2018,97713,On Leave
EMP10912,Chaity Ahmed,33,male,Operations,Senior Officer,chaity.ahmed84@yahoo.com,1178892722,Chattogram,Bangladesh,5/12/2017,-110810,onleave
EMP11053,Fatima Begum,52,MALE,Human Resources,Manager,fatima.begum49yahoo.com,1103763387,Dhaka,Bangladesh,8/13/2019,80134,Inactive
EMP11055,Karim Haque,21,Female,Human Resources,Assistant Manager,karim.haque18@outlook.com,1904908004,Rajshahi,Bangladesh,31/02/2023,146530,in-active
EMP10614,Sadia Khatun,twenty five,Woman,support,Deputy Manager,sadia.khatun39@outlook.com,1327414353,Chattogram,Bangladesh,2/27/2015,61270,inactive
EMP11432,Shahana Khatun,36,female,ops,Analyst,shahana.khatun64@outlook.com,Not Available,Khulna,Bangladesh,2/16/2018,101743,INACTIVE
EMP10494,Sajib Parvin,46,male,HR,Manager,sajib.parvin64@yahoo.com,Not Available,Rangpur,Bangladesh,,149560,actve
EMP10378,Rashed Siddiqua,49,Female,Operations,Assistant Manager,rashed.siddiqua21@@outlook.com,1896311855,Barisal,Bangladesh,14-01-2018,,in-active
EMP10301,Rina Karim,59,Woman,Business Intelligence,Head of Department,rina.karim10@outlook.com,,Mymensingh,Bangladesh,1/7/2016,-147125,ACTIVE
EMP10506,Nasima Karim,thirty two,FEMALE,Logistics,Junior Executive,nasima.karim52@gmail.com,191784204,Barisal,BD,11/14/2019,109755,On Leave
EMP11499,Shakil Bhuiyan,34,M,sales,Head of Department,shakil.bhuiyan18@yahoo.com,1460831552,Rajshahi,Bangladesh,5/28/2020,139980,Pending
EMP10001,Salma Akter,57,Woman,Customer Support,Analyst,salma.akter21@yahoo.com,1148809162,Mymensingh,Bangladesh,11/14/2024,,actve
EMP10703,Rina Akter,49,MALE,Finance,Senior Executive,rina.akter18@gmail.com,1129271217,Sylhet,Bangladesh,6/10/2020,62592,in-active
EMP10213,Arif Akter,56,,IT,Assistant Manager,arif.akter8@outlook.com,1407393020,Khulna,Bangladesh,11/2/2015,148355,actve
EMP10995,  Rubel   Khatun  ,57,male,Sales,Officer,rubel.khatun85@outlook.com,1970967134,Comilla,Bangladesh,3/28/2017,-56724,Active
EMP11343,Faruk Sheikh,24,Man,Human Resources,Senior Officer,faruk.sheikh63@yahoo.com,173613298,Comilla,Bangladesh,2/1/2021,79822,Pending
EMP10820,Karim Sheikh,,Female,Administration,Analyst,karim.sheikh69@outlook.com,1384772816,Rangpur,Bangladesh,11/16/2020,57344,Active
EMP10557,Anwar Sarker,58,FEMALE,I.T.,Officer,anwar.sarker66@outlook.com,1459074968,Khulna,BD,5/17/2020,131762,active
EMP11289,Sajib Sheikh,35,FEMALE,Sales,Analyst,sajib.sheikh58@outlook.com,1938124793,Mymensingh,Bangladesh,11/20/2024,136111,in-active
EMP10772,Meherun Uddin,36,FEMALE,it,Manager,meherun.uddin78@yahoo.com,1528232136,Dhaka,Bangladesh,24-05-2024,-129538,Active
EMP11108,Shirin Alam,24,Male,Operations,Junior Executive,shirin.alam35@outlook.com,Not Available,Barisal,Bangladesh,4/7/2015,69743,Inactive
EMP10025,Sadia Karim,42,M,IT,Deputy Manager,sadia.karim58@gmail.com,1588272334,Sylhet,BD,3/28/2020,24893,Active
EMP10865,Rafiq Miah,27,MALE,hr,Officer,rafiq.miah85@outlook.com,1199595334,Rajshahi,Bangladesh,20/07/2024,-70704,ACTIVE
EMP10181,Yusuf Bhuiyan,35,MALE,Legal Affairs,Executive,yusuf.bhuiyan97@gmail.com,1111528217,Dhaka,bangladesh,13/12/2025,134288,actve
EMP11456,Tarek Ali,53,female,Logistics,Senior Officer,,1771143238,Dhaka,Bangladesh,8/1/2020,Not Available,actve
EMP10403,Kamal Sultana,thirty two,male,logisitcs,Manager,kamal.sultana36@yahoo.com,1444377488,Narayanganj,Bangladesh,6/15/2022,-104049,in-active
EMP10721,Tarek Alam,twenty five,Male,Quality Assurance,Analyst,tarek.alam94@@gmail.com,1143989977,Sylhet,Bangladesh,28/03/2018,,Active
EMP10320,Sajib Ali,28,,Operations,Officer,sajib.ali2@yahoo.com,Not Available,Gazipur,Bangladesh,11/11/2024,110584,actve
EMP11465,Parveen Hossain,thirty two,male,ops,Deputy Manager,parveen.hossain16@outlook.com,1574547006,Barisal,Bangladesh,,90407,inactive
EMP10174,Dilruba Pramanik,52,Male,Quality Assurance,Coordinator,dilruba.pramanik35@outlook.com,1246669401,Narayanganj,bangladesh,11/28/2025,24475,Suspended
EMP11083,Shirina Parvin,39,F,it,Coordinator,shirina.parvin93outlook.com,1646628694,Rangpur,Bangladesh,11/23/2024,,actve
EMP10766,Selim Chowdhury,57,Man,Operations,Junior Executive,selim.chowdhury69@gmail.com,,Rangpur,Bangladesh,17-07-2015,127263,On Leave
EMP10679,Poppy Rahman,49,Female,Finance,Analyst,poppy.rahman51@outlook.com,1406746328,Khulna,Bangladesh,2/10/2025,78412,onleave
EMP11253,Afroza Rana,52,Man,Marketing,Assistant Manager,afroza.rana87@outlook.com,1105747882,Gazipur,Bangladesh,,-84968,Inactive
EMP11078,Shahana Alam,43,Man,Operations,Team Lead,shahana.alam39@outlook.com,1713542794,Mymensingh,Bangladesh,7/14/2017,101104,Inactive
EMP10759,Shahana Biswas,28,M,Finance,Manager,shahana.biswas48@yahoo.com,1016828764,Comilla,Bangladesh,,,Pending
EMP10490,Nadia Biswas,thirty two,MALE,Finance,Senior Executive,nadia.biswas89@gmail.com,1706461774,Sylhet,Bangladesh,28/02/2021,86122,ACTIVE
EMP10322,Yusuf Chowdhury,,F,Administration,Senior Executive,yusuf.chowdhury50yahoo.com,1528009511,Narayanganj,Bangladesh,24-02-2025,36557,Active
EMP11305,Sajib Ahmed,44,Male,Quality Assurance,Team Lead,sajib.ahmed89@outlook.com,1916915953,Barisal,Bangladesh,10/10/2025,91765,Pending
EMP11273,Bashir Talukder,47,Man,Research & Development,Officer,bashir.talukder7@yahoo.com,1818438108,Barisal,BD,9/8/2018,unknown,actve
EMP10959,  Mamun   Hossain  ,25,,HR,Deputy Manager,mamun.hossain90@gmail.com,1514373683,Rajshahi,Bangladesh,4/26/2021,145299,actve
EMP11392,Zahid Karim,24,male,Sales,Senior Executive,zahid.karim75@outlook.com,1014261718,Khulna,Bangladesh,11/8/2024,-149455,Inactive
EMP11282,  Tarek   Uddin  ,56,Woman,Procurement,Deputy Manager,tarek.uddin35@gmail.com,1995807032,Dhaka,Bangladesh,28-11-2019,N/A,pending
EMP10596,  Rehana   Parvin  ,59,,Administration,Head of Department,,1735687485,Narayanganj,Bangladesh,2/24/2021,,actve
EMP10511,Rowshan Akter,51,M,ops,Associate,rowshan.akter80@yahoo.com,1356915259,Rajshahi,Bangladesh,9/4/2024,69925,in-active
EMP10305,Karim Karim,43,FEMALE,Marketing,Junior Executive,karim.karim11@yahoo.com,,Comilla,BD,10/8/2021,60533,inactive
EMP11025,Shathi Molla,24,female,markting,Officer,shathi.molla50@yahoo.com,,Mymensingh,Bangladesh,25-12-2023,143859,active
EMP10383,Zahid Sultana,38,F,Finance,Junior Executive,zahid.sultana95@gmail.com,1202170697,Rangpur,Bangladesh,3/26/2017,-66971,inactive
EMP11372,Ashraf Alam,38,Female,Customer Support,Junior Executive,,1582461776,Narayanganj,Bangladesh,22/01/2021,69483,
EMP10262,Nadia Sultana,43,,I.T.,Team Lead,nadia.sultana39@outlook.com,1618419487,Gazipur,Bangladesh,25-02-2023,66975,pending
EMP10767,Tania Pramanik,58,,Administration,Manager,tania.pramanik14@yahoo.com,1768366641,Narayanganj,Bangladesh,20-09-2018,145002,pending
EMP10603,Afroza Molla,N/A,Woman,Finance,Senior Officer,afroza.molla22@gmail.com,1710895535,Barisal,Bangladesh,26-06-2018,32869,inactive
EMP11170,Bashir Mollah,,,IT,Team Lead,bashir.mollah88@@yahoo.com,1641988199,Chattogram,Bangladesh,2/4/2020,62926,
EMP10768,Sabbir Siddiqua,40,FEMALE,it,Team Lead,sabbir.siddiqua46@@gmail.com,1770003650,Khulna,Bangladesh,,-105738,actve
EMP11079,Firoz Khan,27,female,logisitcs,Junior Executive,firoz.khan47@@gmail.com,1987856353,Rajshahi,Bangladesh,7/11/2017,unknown,in-active
EMP10135,Anisur Islam,,M,Customer Support,Analyst,anisur.islam93@yahoo.com,1609002302,Rangpur,Bangladesh,7/4/2025,25463,Suspended
EMP10387,Parveen Khatun,37,MALE,Procurement,Head of Department,parveen.khatun6outlook.com,1287415185,Mymensingh,Bangladesh,8/2/2022,-90566,inactive
EMP10500,Rina Karim,28,,IT,Head of Department,,1172266480,Narayanganj,Bangladesh,10/19/2019,-134474,Active
EMP11130,Yusuf Khan,unknown,Man,Sales,Head of Department,yusuf.khan53@yahoo.com,1792897707,Mymensingh,Bangladesh,3/10/2017,48702,actve
EMP10572,Farzana Uddin,34,female,Marketing,Junior Executive,farzana.uddin3@yahoo.com,183375231,Rajshahi,Bangladesh,1/6/2015,52510,inactive
EMP10985,Nurjahan Khatun,thirty two,M,ops,Senior Officer,nurjahan.khatun76@outlook.com,1753999270,Khulna,Bangladesh,6/24/2025,81421,onleave
EMP11192,Hasan Miah,23,male,Logistics,Senior Officer,hasan.miah79yahoo.com,1466734041,Bogura,Bangladesh,8/24/2023,114511,in-active
EMP10110,Shahana Karim,58,female,Sales,Manager,shahana.karim22@gmail.com,1589956351,Gazipur,Bangladesh,,58304,inactive
EMP11165,Imran Khatun,46,FEMALE,Marketing,Assistant Manager,imran.khatun94@yahoo.com,1681971876,Comilla,Bangladesh,3/12/2022,,Inactive
EMP11463,Rina Chowdhury,47,Man,I.T.,Senior Officer,rina.chowdhury84@yahoo.com,1244050660,Rajshahi,Bangladesh,5/22/2020,129003,Active
EMP10585,Ayesha Haque,,male,Procurement,Deputy Manager,ayesha.haque77@yahoo.com,,Comilla,Bangladesh,15-07-2021,54342,On Leave
EMP10831,Kamal Bhuiyan,24,Male,Logistics,Officer,kamal.bhuiyan97@yahoo.com,1933300986,Sylhet,Bangladesh,4/2/2019,41693,onleave
EMP11095,Anwar Talukder,36,F,Human Resources,Executive,anwar.talukder81@outlook.com,1106601904,Barisal,Bangladesh,10/18/2023,-101908,onleave
EMP11177,Kabir Bhuiyan,56,female,ops,Associate,kabir.bhuiyan61@outlook.com,1300206422,Barisal,Bangladesh,4/25/2016,119193,ACTIVE
EMP10869,Roksana Khan,30,FEMALE,Finance,Senior Officer,roksana.khan56@outlook.com,1096907811,Barisal,Bangladesh,7/14/2016,105678,in-active
EMP11175,Yusuf Rana,56,F,Finance,Assistant Manager,yusuf.rana91@yahoo.com,Not Available,Dhaka,bangladesh,18/10/2019,101128,
EMP10391,Salma Rahman,31,,Administration,Head of Department,,1448861717,Sylhet,Bangladesh,9/27/2018,101577,Suspended
EMP10659,Poppy Ali,35,MALE,Administration,Analyst,poppy.ali16@outlook.com,1499328380,Rajshahi,Bangladesh,14/03/2020,97633,INACTIVE
EMP10013,Parveen Rana,21,female,hr,Associate,parveen.rana90@outlook.com,1294698873,Khulna,Bangladesh,12/12/2015,-43578,Suspended
EMP10232,Shirina Parvin,N/A,Male,Logistics,Assistant Manager,shirina.parvin18@yahoo.com,1936286375,Narayanganj,BD,13-09-2018,-59262,inactive
EMP10602,Yusuf Sultana,23,female,Operations,Deputy Manager,yusuf.sultana89@outlook.com,1346616970,Chattogram,Bangladesh,,,in-active
EMP11408,Yusuf Karim,21,M,Human Resources,Head of Department,yusuf.karim82@outlook.com,1213495060,Dhaka,Bangladesh,7/7/2022,118881,in-active
EMP10325,Fatima Ahmed,39,Woman,Legal Affairs,Analyst,fatima.ahmed58@gmail.com,,Mymensingh,Bangladesh,5/25/2019,65804,Inactive
EMP10813,  Rowshan   Rana  ,unknown,,I.T.,Analyst,rowshan.rana84@gmail.com,Not Available,Khulna,Bangladesh,21/06/2015,125096,Active
EMP11497,Iqbal Pramanik,43,female,Sales,Associate,iqbal.pramanik99@yahoo.com,1287720785,Chattogram,Bangladesh,6/28/2017,,INACTIVE
EMP10503,  Shahana   Hossain  ,49,M,Marketing,Analyst,shahana.hossain10@outlook.com,1286769512,Rajshahi,Bangladesh,5/9/2019,139444,
EMP11413,Meherun Biswas,45,M,Administration,Analyst,meherun.biswas66@outlook.com,1137893211,Comilla,Bangladesh,24/04/2017,unknown,INACTIVE
EMP10594,Ruma Uddin,43,female,Research & Development,Manager,ruma.uddin27@gmail.com,107346521,Dhaka,Bangladesh,9/7/2015,Not Available,Suspended
EMP10615,Ayesha Miah,38,MALE,Quality Assurance,Executive,ayesha.miah32@yahoo.com,1748865435,Bogura,Bangladesh,,,active
EMP10883,Bashir Parvin,52,male,Human Resources,Team Lead,bashir.parvin47@yahoo.com,1757975537,Gazipur,bangladesh,7/7/2023,64122,active
EMP10211,Farzana Sarker,,Female,Logistics,Team Lead,farzana.sarker36@yahoo.com,1880024866,Bogura,Bangladesh,6/12/2025,108591,Inactive
EMP10758,Roksana Biswas,46,MALE,IT,Team Lead,roksana.biswas81@gmail.com,125332261,Narayanganj,Bangladesh,11/14/2025,33136,Inactive
EMP10147,Sadia Haque,47,F,Administration,Coordinator,sadia.haque64@outlook.com,1772617461,Gazipur,BD,10/1/2024,122018,Pending
EMP10889,Bashir Biswas,24,male,Marketing,Assistant Manager,bashir.biswas78@@gmail.com,1147839785,Narayanganj,Bangladesh,28-03-2016,42475,Active
EMP10890,Yusuf Uddin,47,Male,markting,Analyst,yusuf.uddin43@gmail.com,1444179816,Comilla,Bangladesh,27-03-2019,-55564,Suspended
EMP10081,Meherun Khatun,-,Man,Sales,Senior Executive,meherun.khatun59@gmail.com,1745786263,Narayanganj,Bangladesh,13-10-2025,,pending
EMP10260,Rubel Parvin,N/A,Man,markting,Senior Executive,rubel.parvin81@@gmail.com,1958851123,Comilla,Bangladesh,11/10/2022,117673,ACTIVE
EMP11219,Shathi Akter,21,Woman,hr,Junior Executive,shathi.akter6@outlook.com,1345689775,Dhaka,Bangladesh,6/18/2015,-123997,actve
EMP11480,Roksana Khan,32,Female,Marketing,Analyst,roksana.khan61@outlook.com,175826702,Chattogram,Bangladesh,10/9/2018,74644,Suspended
EMP10296,Sadia Bhuiyan,twenty five,Male,Sales,Senior Executive,sadia.bhuiyan19@yahoo.com,1006265977,Gazipur,Bangladesh,6/12/2017,132335,Suspended
EMP10719,Fatima Siddiqua,,,Sales,Deputy Manager,fatima.siddiqua42@yahoo.com,1231769010,Khulna,bangladesh,4/10/2020,95143,actve
EMP10566,Rubel Mollah,33,Male,Human Resources,Executive,rubel.mollah55@yahoo.com,1697421756,Narayanganj,BD,11/3/2019,67771,Suspended
EMP10094,Dilruba Ali,51,Man,Sales,Deputy Manager,dilruba.ali10@outlook.com,118667922,Khulna,Bangladesh,6/2/2025,28753,inactive
EMP10190,Karim Begum,24,MALE,Operations,Executive,karim.begum7@outlook.com,1531080508,Barisal,Bangladesh,20/08/2018,49486,Active
EMP11021,Anwar Islam,45,male,Research & Development,Assistant Manager,anwar.islam24@outlook.com,1371151612,Chattogram,bangladesh,3/5/2023,N/A,ACTIVE
EMP10209,Chaity Haque,29,female,Logistics,Senior Executive,chaity.haque5@gmail.com,1853040518,Rajshahi,Bangladesh,3/8/2025,unknown,actve
EMP11166,Jannatul Chowdhury,28,female,Research & Development,Coordinator,jannatul.chowdhury4@outlook.com,1673051973,Barisal,Bangladesh,13-11-2018,44346,Pending
EMP10452,Mamun Hossain,42,F,Finance,Officer,mamun.hossain77@@yahoo.com,1946899481,Sylhet,BD,12/7/2015,108499,actve
EMP10237,Fatima Haque,50,,logisitcs,Assistant Manager,fatima.haque96@outlook.com,Not Available,Khulna,Bangladesh,21-03-2024,30479,
EMP10731,Delwar Hossain,,male,IT,Head of Department,delwar.hossain96@yahoo.com,1913975961,Barisal,Bangladesh,28/10/2016,143216,On Leave
EMP11282,  Tarek   Uddin  ,56,Woman,Procurement,Deputy Manager,tarek.uddin35@gmail.com,1995807032,Dhaka,Bangladesh,28-11-2019,N/A,pending
EMP10964,Nasima Mahmud,44,Man,Operations,Associate,nasima.mahmud90@gmail.com,1518006021,Sylhet,Bangladesh,12/21/2017,132786,pending
EMP10489,Sabbir Uddin,59,FEMALE,Procurement,Analyst,sabbir.uddin65@gmail.com,1736012915,Narayanganj,bangladesh,26-04-2025,129270,ACTIVE
EMP10822,Nasir Sheikh,31,FEMALE,Administration,Analyst,nasir.sheikh4@outlook.com,,Chattogram,Bangladesh,6/10/2019,-41259,Inactive
EMP10576,Tarek Ahmed,47,Female,ops,Analyst,tarek.ahmed2@@outlook.com,1830386408,Comilla,Bangladesh,5/1/2022,64486,onleave
EMP11281,Hasan Pramanik,54,,Sales,Senior Executive,hasan.pramanik92@gmail.com,,Narayanganj,Bangladesh,26-12-2023,109871,in-active
EMP11356,Dilruba Chowdhury,46,female,Procurement,Manager,dilruba.chowdhury35@gmail.com,1882484779,Khulna,Bangladesh,,115325,Inactive
EMP10887,Ruma Chowdhury,52,female,Sales,Manager,ruma.chowdhury24@outlook.com,,Rajshahi,Bangladesh,8/6/2019,53987,inactive
EMP10591,Jannatul Begum,56,Male,Sales,Analyst,jannatul.begum69@gmail.com,1463170219,Sylhet,bangladesh,12/12/2018,149044,Pending
EMP11140,Nazmul Khatun,52,FEMALE,markting,Deputy Manager,nazmul.khatun99@outlook.com,1457981376,Chattogram,Bangladesh,9/11/2019,,inactive
EMP10549,Dilruba Khatun,40,Male,Human Resources,Analyst,dilruba.khatun24@@yahoo.com,1763737188,Narayanganj,bangladesh,11/12/2019,95956,On Leave
EMP10087,Anwar Molla,38,Woman,Human Resources,Associate,anwar.molla8@gmail.com,1780761297,Sylhet,Bangladesh,4/27/2019,-112441,On Leave
EMP10769,Alamgir Parvin,47,M,Operations,Analyst,alamgir.parvin20@gmail.com,1086894695,Dhaka,Bangladesh,15-06-2016,63128,active
EMP10429,Sultana Khatun,47,Female,Customer Support,Manager,sultana.khatun34@yahoo.com,1408948396,Dhaka,BD,,139370,actve
EMP10921,Nasrin Begum,33,M,Legal Affairs,Officer,nasrin.begum41@yahoo.com,1620992068,Bogura,Bangladesh,8/5/2021,,actve
EMP10171,Alamgir Khan,58,Male,Human Resources,Deputy Manager,alamgir.khan27@outlook.com,,Barisal,Bangladesh,7/6/2023,27945,INACTIVE
EMP10551,Tanvir Karim,31,M,I.T.,Junior Executive,tanvir.karim52@gmail.com,1955716773,Khulna,Bangladesh,4/18/2019,81484,actve
EMP10693,Tanvir Rahman,29,female,Finance,Coordinator,,,Chattogram,Bangladesh,19/07/2025,-123671,in-active
EMP10222,Sohel Haque,23,Man,Human Resources,Team Lead,sohel.haque34@outlook.com,Not Available,Comilla,Bangladesh,7/14/2023,53965,
EMP11315,Nurjahan Khatun,n/a,MALE,Human Resources,Senior Officer,nurjahan.khatun71yahoo.com,1943520673,Dhaka,Bangladesh,6/6/2022,66022,Active
EMP10127,Rina Khatun,29,Female,Human Resources,Head of Department,,1399863658,Comilla,Bangladesh,,-82063,inactive
EMP11279,Wasim Rahman,30,MALE,fin,Senior Officer,wasim.rahman5@gmail.com,1702304769,Dhaka,Bangladesh,23/03/2015,119721,On Leave
EMP11195,Nurjahan Ahmed,21,M,Marketing,Associate,nurjahan.ahmed33@gmail.com,1981079220,Rajshahi,Bangladesh,,93792,actve
EMP10474,Ashraf Rahman,26,M,Customer Support,Assistant Manager,ashraf.rahman76@gmail.com,1402039138,Mymensingh,bangladesh,5/11/2025,121737,pending
EMP10881,Rehana Pramanik,24,Female,Logistics,Senior Officer,rehana.pramanik41@gmail.com,Not Available,Rangpur,Bangladesh,6/7/2024,,inactive
EMP10992,Alamgir Bhuiyan,45,female,Finance,Senior Officer,alamgir.bhuiyan9@outlook.com,1739239985,Rangpur,bangladesh,5/9/2016,58362,Suspended
EMP10523,  Karim   Biswas  ,39,,Sales,Junior Executive,karim.biswas74@yahoo.com,1763015566,Khulna,Bangladesh,1/6/2015,-86045,INACTIVE
EMP10177,Rupa Sultana,52,F,Research & Development,Team Lead,rupa.sultana26@outlook.com,,Rangpur,Bangladesh,4/9/2018,128163,onleave
EMP10134,Rashed Haque,22,M,Human Resources,Assistant Manager,rashed.haque98@outlook.com,1907280557,Dhaka,Bangladesh,6/15/2025,78574,inactive
EMP10626,Anisur Sultana,22,Man,HR,Team Lead,anisur.sultana46@outlook.com,1226581299,Narayanganj,Bangladesh,15/07/2021,35313,Pending
EMP11473,  Delwar   Biswas  ,42,,HR,Assistant Manager,delwar.biswas63@outlook.com,1960290869,Rangpur,Bangladesh,1/8/2016,-93090,
EMP10427,  Tarek   Sarker  ,57,female,Human Resources,Analyst,tarek.sarker74@gmail.com,,Khulna,Bangladesh,21/05/2015,56915,Suspended
EMP10100,Dilruba Islam,25,F,HR,Head of Department,dilruba.islam5@gmail.com,1256897362,Chattogram,Bangladesh,4/12/2024,45706,inactive
EMP10861,Anwar Sarker,33,MALE,Marketing,Associate,anwar.sarker45@gmail.com,1705668080,Dhaka,Bangladesh,7/4/2025,100841,Inactive
EMP10412,Firoz Haque,26,female,Human Resources,Team Lead,firoz.haque76@gmail.com,1041297382,Dhaka,Bangladesh,27/04/2019,146354,Suspended
EMP10544,  Nurjahan   Parvin  ,36,M,ops,Head of Department,nurjahan.parvin94@gmail.com,1307678434,Chattogram,Bangladesh,14/01/2016,-43607,actve
EMP10292,Karim Miah,57,M,Research & Development,Analyst,karim.miah45@outlook.com,,Khulna,Bangladesh,7/19/2024,115769,ACTIVE
EMP10074,Lubna Uddin,49,female,Administration,Officer,lubna.uddin97@yahoo.com,1596801015,Dhaka,Bangladesh,18-03-2023,130002,in-active
EMP10951,Ashraf Molla,,Man,Operations,Officer,ashraf.molla28@@gmail.com,Not Available,Bogura,Bangladesh,20-05-2020,-90445,onleave
EMP11065,Nasima Rahman,45,F,support,Coordinator,nasima.rahman7@yahoo.com,1996984624,Khulna,Bangladesh,9/11/2021,,in-active
EMP11101,Sohel Bhuiyan,thirty two,male,Administration,Deputy Manager,sohel.bhuiyan93@yahoo.com,1788101576,Barisal,Bangladesh,,,active
EMP11125,Shathi Chowdhury,35,Male,Marketing,Coordinator,shathi.chowdhury38@gmail.com,1129892990,Chattogram,BD,,73657,inactive
EMP10346,Imran Karim,33,female,Human Resources,Senior Executive,imran.karim86@outlook.com,1408078322,Barisal,Bangladesh,2/13/2017,56600,onleave
EMP11218,  Tahmina   Molla  ,53,Male,Human Resources,Head of Department,tahmina.molla93@outlook.com,1959835622,Narayanganj,Bangladesh,14-11-2022,69131,active
EMP11194,Tahmina Ali,29,male,Logistics,Deputy Manager,tahmina.ali52@gmail.com,1470748610,Barisal,Bangladesh,17-07-2021,103003,in-active
EMP10481,Habibur Rana,32,female,Procurement,Executive,habibur.rana97@yahoo.com,1409005995,Gazipur,Bangladesh,3/9/2017,-138183,
EMP11186,Wasim Rahman,44,Woman,HR,Head of Department,wasim.rahman67gmail.com,1201418437,Barisal,Bangladesh,27-11-2020,96519,active
EMP11352,Rahim Khan,39,F,Quality Assurance,Coordinator,rahim.khan69@outlook.com,1536801063,Mymensingh,bangladesh,31/02/2023,Not Available,onleave
EMP10009,Bashir Miah,,M,Finance,Coordinator,,1595354572,Khulna,bangladesh,6/27/2025,26776,inactive
EMP10423,Alamgir Bhuiyan,,F,Customer Support,Executive,alamgir.bhuiyan13@gmail.com,1136242244,Bogura,Bangladesh,1/12/2016,137920,active
EMP10753,Kawsar Hossain,27,M,Finance,Associate,kawsar.hossain95@yahoo.com,1986650695,Narayanganj,Bangladesh,21/04/2024,72722,in-active
EMP11132,Jamal Mollah,23,female,Procurement,Team Lead,jamal.mollah98@outlook.com,1931890311,Rangpur,Bangladesh,3/6/2018,43768,On Leave
EMP11057,Rina Molla,54,Female,IT,Team Lead,,1032358551,Mymensingh,Bangladesh,11/21/2017,138340,ACTIVE
EMP10974,Arif Begum,49,,Business Intelligence,Executive,arif.begum14@yahoo.com,1948469103,Barisal,Bangladesh,10/10/2019,56079,ACTIVE
EMP10298,  Fatima   Mollah  ,26,male,Finance,Senior Executive,fatima.mollah18@@outlook.com,1696293988,Khulna,Bangladesh,4/5/2023,136260,Inactive
EMP10375,Sultana Uddin,39,F,Innovation Lab,Deputy Manager,sultana.uddin97@yahoo.com,1989022785,Dhaka,Bangladesh,27-05-2022,49737,inactive
EMP10384,Rowshan Parvin,27,Male,Finance,Analyst,rowshan.parvin55@yahoo.com,1501615190,Comilla,Bangladesh,14-06-2022,75022,onleave
EMP10280,Anisur Akter,56,M,Research & Development,Team Lead,anisur.akter82@outlook.com,1607440872,Comilla,BD,7/26/2019,96672,actve
EMP11133,Sajib Sarker,36,Woman,Research & Development,Assistant Manager,sajib.sarker13@yahoo.com,1959297792,Sylhet,Bangladesh,3/4/2022,107597,onleave
EMP11167,Shirina Uddin,28,Female,sales,Manager,shirina.uddin82@yahoo.com,1913193864,Mymensingh,Bangladesh,3/3/2021,44515,Active
EMP11131,Selim Biswas,42,F,Human Resources,Manager,selim.biswas59@outlook.com,1474420196,Mymensingh,Bangladesh,2/8/2024,60680,active
EMP10725,Mahfuz Ahmed,24,Female,Finance,Executive,mahfuz.ahmed26@outlook.com,1749722026,Barisal,Bangladesh,10/12/2017,97006,INACTIVE
EMP11052,  Mizanur   Rahman  ,34,Man,fin,Associate,mizanur.rahman1@yahoo.com,1946809420,Narayanganj,Bangladesh,,74724,Inactive
EMP10399,  Shahana   Khatun  ,50,Male,Sales,Assistant Manager,shahana.khatun45@@outlook.com,1609324050,Gazipur,Bangladesh,,79377,in-active
EMP11453,Jamal Haque,thirty two,Male,Administration,Associate,,1608891839,Dhaka,Bangladesh,1/9/2015,,Pending
EMP10843,Imran Ahmed,50,female,ops,Officer,imran.ahmed96@outlook.com,1814669655,Mymensingh,Bangladesh,7/25/2025,79222,pending
EMP10776,Yusuf Uddin,,Female,Sales,Manager,yusuf.uddin55@gmail.com,1957412991,Narayanganj,bangladesh,1/6/2016,122200,ACTIVE
EMP10454,Habibur Uddin,57,FEMALE,Logistics,Head of Department,habibur.uddin91@gmail.com,1794127318,Mymensingh,bangladesh,7/9/2024,-42524,active
EMP10166,Firoz Ahmed,42,M,Customer Support,Associate,firoz.ahmed95gmail.com,1794326628,Comilla,Bangladesh,11/3/2015,103378,INACTIVE
EMP10240,Mamun Alam,n/a,female,Human Resources,Senior Officer,mamun.alam65@gmail.com,1348538854,Narayanganj,Bangladesh,17/09/2017,-117587,onleave
EMP10463,  Karim   Islam  ,n/a,FEMALE,Administration,Coordinator,karim.islam36outlook.com,1086578882,Rangpur,Bangladesh,11/6/2015,-55028,in-active
EMP10975,Afroza Sarker,thirty two,MALE,Operations,Executive,afroza.sarker39@gmail.com,1858046255,Comilla,Bangladesh,,55074,in-active
EMP10047,Ruma Ahmed,57,Male,Finance,Officer,ruma.ahmed73@gmail.com,Not Available,Dhaka,Bangladesh,4/7/2017,142222,in-active
EMP10119,Fatima Molla,,MALE,Human Resources,Executive,fatima.molla74@gmail.com,1723750205,Sylhet,Bangladesh,8/1/2015,144960,Suspended
EMP10249,Parveen Siddiqua,41,FEMALE,Logistics,Manager,parveen.siddiqua27@@gmail.com,1018445343,Dhaka,BD,21/02/2024,99986,inactive
EMP10035,Zahid Khan,,MALE,Research & Development,Junior Executive,zahid.khan74@gmail.com,1853849205,Rajshahi,Bangladesh,19-09-2017,95577,Suspended
EMP10649,Anisur Pramanik,51,MALE,IT,Officer,anisur.pramanik89@outlook.com,1378896742,Chattogram,Bangladesh,10/5/2022,91108,pending
EMP11287,Nasrin Begum,27,female,Marketing,Junior Executive,nasrin.begum39@outlook.com,1181163363,Rangpur,Bangladesh,16/12/2024,unknown,pending
EMP10338,Rehana Mollah,48,M,logisitcs,Officer,rehana.mollah25@yahoo.com,1055586342,Khulna,Bangladesh,12/20/2020,116270,
EMP10443,Shathi Rahman,34,Female,IT,Executive,shathi.rahman57@outlook.com,1431980110,Gazipur,Bangladesh,4/7/2022,137195,inactive
EMP10841,Tania Biswas,,M,Human Resources,Team Lead,tania.biswas47@yahoo.com,1605022425,Dhaka,Bangladesh,9/13/2023,85476,Suspended
EMP10433,Ayesha Begum,50,Male,Human Resources,Associate,ayesha.begum42@outlook.com,1471278526,Rangpur,Bangladesh,6/23/2020,,On Leave
EMP10419,Chaity Mahmud,n/a,F,Administration,Associate,chaity.mahmud55gmail.com,1818402818,Khulna,Bangladesh,12/19/2023,,actve
EMP10524,Mahfuz Hossain,25,M,fin,Deputy Manager,mahfuz.hossain61@gmail.com,1048252050,Mymensingh,Bangladesh,10/5/2016,130957,On Leave
EMP10812,  Nasima   Chowdhury  ,58,Male,admin,Senior Officer,nasima.chowdhury4@yahoo.com,Not Available,Chattogram,Bangladesh,22-06-2024,144202,Inactive
EMP10481,Habibur Rana,32,female,Procurement,Executive,habibur.rana97@yahoo.com,1409005995,Gazipur,Bangladesh,3/9/2017,-138183,
EMP10348,Arif Uddin,47,F,Finance,Senior Officer,arif.uddin21@gmail.com,1492646821,Bogura,Bangladesh,3/20/2016,-137524,inactive
EMP10670,Kamal Pramanik,50,F,Human Resources,Senior Officer,kamal.pramanik89@yahoo.com,1146611289,Comilla,Bangladesh,5/24/2025,-85767,Active
EMP10153,  Ashraf   Chowdhury  ,43,M,Procurement,Senior Executive,ashraf.chowdhury3@gmail.com,1262581683,Khulna,Bangladesh,,84627,Suspended
EMP10824,  Alamgir   Karim  ,47,FEMALE,Marketing,Assistant Manager,alamgir.karim16@@yahoo.com,1599960290,Khulna,Bangladesh,9/4/2018,-116541,active
EMP10845,Faruk Khatun,57,female,Customer Support,Assistant Manager,faruk.khatun91@yahoo.com,1557909669,Sylhet,Bangladesh,5/3/2020,117012,pending
EMP10934,Hasan Talukder,thirty two,Man,Marketing,Team Lead,hasan.talukder40@yahoo.com,1189316968,Barisal,Bangladesh,11/7/2015,49902,Suspended
EMP10928,Kabir Bhuiyan,28,,Legal Affairs,Assistant Manager,kabir.bhuiyan13@gmail.com,1307418305,Narayanganj,BD,14/09/2017,76390,Inactive
EMP11349,Delwar Rahman,39,MALE,Procurement,Senior Officer,delwar.rahman33gmail.com,157973487,Narayanganj,Bangladesh,11/2/2017,,in-active
EMP10233,Chaity Ali,thirty two,Man,hr,Assistant Manager,chaity.ali28@gmail.com,1865333326,Mymensingh,BD,14-08-2018,,active
EMP10188,  Rowshan   Mahmud  ,39,male,Operations,Head of Department,rowshan.mahmud2@gmail.com,1633070151,Gazipur,Bangladesh,23-12-2025,110830,pending
EMP10415,Sabbir Akter,25,MALE,Finance,Coordinator,sabbir.akter93@gmail.com,1287770620,Rangpur,Bangladesh,10/11/2025,59637,On Leave
EMP11109,Rafiq Pramanik,30,male,ops,Manager,rafiq.pramanik9@gmail.com,1911689914,Barisal,Bangladesh,,47553,Inactive
EMP10827,Poppy Rana,41,Male,Customer Support,Associate,,,Dhaka,Bangladesh,,82313,On Leave
EMP10575,  Mahfuz   Karim  ,34,female,Logistics,Analyst,mahfuz.karim77@outlook.com,1091515731,Mymensingh,Bangladesh,17-05-2023,123510,inactive
EMP11158,  Anisur   Begum  ,,M,HR,Junior Executive,anisur.begum27@yahoo.com,Not Available,Mymensingh,Bangladesh,15-07-2022,39987,On Leave
EMP10949,Rashed Islam,44,,Customer Support,Head of Department,rashed.islam20@yahoo.com,1136973372,Sylhet,Bangladesh,17/08/2016,28208,Suspended
EMP11369,Lubna Alam,N/A,Male,IT,Head of Department,lubna.alam25yahoo.com,112541513,Dhaka,Bangladesh,7/1/2018,unknown,onleave
EMP11161,Tanvir Talukder,,F,Administration,Deputy Manager,tanvir.talukder69@yahoo.com,1226409708,Mymensingh,bangladesh,3/10/2015,115567,Suspended
EMP10734,Nasima Chowdhury,,F,Research & Development,Junior Executive,nasima.chowdhury43@yahoo.com,1164166229,Khulna,bangladesh,26/02/2015,109741,INACTIVE
EMP10106,Golam Biswas,,F,Marketing,Analyst,golam.biswas42@@outlook.com,1359474474,Dhaka,Bangladesh,8/23/2022,60426,in-active
EMP11378,Shakil Haque,51,Female,IT,Associate,shakil.haque26@gmail.com,1266580479,Dhaka,bangladesh,8/9/2022,115373,ACTIVE
EMP10502,Farzana Pramanik,n/a,Female,sales,Head of Department,farzana.pramanik88@gmail.com,,Narayanganj,Bangladesh,25-10-2020,25384,INACTIVE
EMP10182,Sajib Karim,21,MALE,IT,Deputy Manager,sajib.karim97@gmail.com,1085908322,Bogura,Bangladesh,1/20/2023,102998,INACTIVE
EMP10933,Anwar Sheikh,38,male,Logistics,Officer,anwar.sheikh89@yahoo.com,198470389,Narayanganj,bangladesh,,109580,inactive
EMP10584,Anisur Rana,-,Female,Research & Development,Associate,anisur.rana66@gmail.com,1522336684,Dhaka,Bangladesh,,28186,INACTIVE
EMP10037,Selim Mahmud,29,F,HR,Executive,selim.mahmud99@gmail.com,1504523976,Dhaka,bangladesh,2/2/2018,122361,ACTIVE
EMP11298,Ruma Islam,53,Female,Finance,Manager,ruma.islam82@outlook.com,1411392481,Mymensingh,Bangladesh,3/27/2023,82106,onleave
EMP11468,Chaity Haque,44,,Marketing,Associate,chaity.haque36@@outlook.com,121014904,Narayanganj,Bangladesh,16/03/2024,48071,actve
EMP11357,Shakil Sarker,44,Male,Customer Support,Senior Officer,shakil.sarker38@gmail.com,1944210294,Sylhet,Bangladesh,1/5/2018,,Inactive
EMP10589,Kawsar Ahmed,41,Male,Human Resources,Team Lead,kawsar.ahmed29@yahoo.com,1497409553,Sylhet,Bangladesh,8/1/2020,148325,active
EMP11084,Mahfuz Miah,43,Male,Sales,Manager,mahfuz.miah74@gmail.com,1558939086,Gazipur,Bangladesh,7/11/2024,-93345,in-active
EMP10142,Anwar Ahmed,57,MALE,Quality Assurance,Officer,,1524179976,Dhaka,BD,10/9/2025,-127134,in-active
EMP10991,Zahid Alam,,M,Customer Support,Associate,zahid.alam65@@outlook.com,1008589024,Mymensingh,Bangladesh,6/5/2018,121596,pending
EMP10032,Salma Parvin,n/a,female,HR,Executive,salma.parvin19@yahoo.com,1971012617,Gazipur,Bangladesh,3/20/2025,59728,Inactive
EMP10307,Ayesha Bhuiyan,29,Woman,sales,Executive,ayesha.bhuiyan36@yahoo.com,114820455,Gazipur,Bangladesh,7/10/2022,131678,active
EMP10130,Farzana Begum,54,Man,Sales,Executive,farzana.begum45outlook.com,1033891449,Comilla,Bangladesh,10/4/2016,-118936,in-active
EMP10989,  Kabir   Miah  ,29,Female,Customer Support,Manager,kabir.miah52@gmail.com,1938511562,Chattogram,Bangladesh,18-04-2023,133407,On Leave
EMP10077,Zahid Ahmed,33,F,Sales,Associate,zahid.ahmed11@yahoo.com,,Bogura,Bangladesh,11/21/2015,77128,
EMP11087,Firoz Rahman,23,Woman,HR,Manager,firoz.rahman83@gmail.com,1070605215,Narayanganj,Bangladesh,5/2/2022,54415,
EMP10611,Ruma Karim,,Male,Operations,Junior Executive,ruma.karim86@yahoo.com,1473114570,Rajshahi,Bangladesh,24/01/2025,-90270,in-active
EMP10723,Rehana Mollah,thirty two,M,Finance,Senior Officer,rehana.mollah86@outlook.com,1921603376,Sylhet,Bangladesh,28-08-2015,120001,On Leave
EMP11314,Wasim Karim,40,F,Customer Support,Manager,wasim.karim12@yahoo.com,,Rangpur,Bangladesh,13-10-2017,108324,active
EMP10189,Bashir Haque,57,male,Operations,Officer,bashir.haque17@@outlook.com,137974117,Comilla,Bangladesh,5/5/2025,121928,ACTIVE
EMP10637,Rowshan Haque,58,Male,Marketing,Team Lead,rowshan.haque85@outlook.com,1481190061,Mymensingh,Bangladesh,11/5/2024,93230,inactive
EMP10155,Imran Miah,31,MALE,support,Manager,,1314607752,Khulna,Bangladesh,,,
EMP11107,Rina Parvin,,Male,HR,Team Lead,,1751375112,Sylhet,Bangladesh,18-10-2021,77231,active
EMP10043,Mahfuz Biswas,,F,Research & Development,Coordinator,mahfuz.biswas97@gmail.com,1180091896,Bogura,BD,3/10/2020,-119987,pending
EMP10708,Tahmina Parvin,22,Man,Customer Support,Executive,tahmina.parvin53@gmail.com,1153191130,Bogura,Bangladesh,9/25/2019,Not Provided,actve
EMP11373,  Rehana   Biswas  ,46,M,Marketing,Manager,rehana.biswas67@yahoo.com,1263894967,Narayanganj,Bangladesh,28-05-2021,99811,On Leave
EMP10175,Rupa Hossain,59,female,IT,Junior Executive,rupa.hossain10@yahoo.com,175133742,Chattogram,Bangladesh,3/2/2021,-119947,active
EMP11234,Chaity Mahmud,54,Female,sales,Officer,chaity.mahmud14@gmail.com,1562944949,Barisal,Bangladesh,5/2/2020,-79078,in-active
EMP11193,Afroza Hossain,42,F,it,Senior Executive,afroza.hossain69@outlook.com,1106769264,Mymensingh,Bangladesh,,Not Available,Suspended
EMP11367,Roksana Sheikh,58,Woman,I.T.,Assistant Manager,roksana.sheikh60@outlook.com,109482723,Bogura,Bangladesh,22/09/2015,36756,On Leave
EMP11252,Nasir Sultana,twenty five,Female,Research & Development,Officer,nasir.sultana32@outlook.com,1008238235,Barisal,Bangladesh,25/07/2016,-124256,actve
EMP10272,  Kabir   Siddiqua  ,,Female,Finance,Analyst,kabir.siddiqua61@yahoo.com,1027752615,Dhaka,Bangladesh,7/24/2015,-117474,INACTIVE
EMP11364,Rashed Chowdhury,22,Male,Administration,Head of Department,rashed.chowdhury70@yahoo.com,1819067210,Barisal,bangladesh,4/23/2016,144419,Pending
EMP10796,Wasim Hossain,34,Female,Sales,Deputy Manager,wasim.hossain8@outlook.com,1633550486,Rangpur,Bangladesh,1/13/2024,117144,pending
EMP11187,Dilruba Chowdhury,54,Man,Administration,Coordinator,dilruba.chowdhury39outlook.com,1044959813,Mymensingh,BD,8/5/2022,142443,onleave
EMP10842,Rafiq Sarker,thirty two,MALE,Sales,Senior Officer,rafiq.sarker37@@outlook.com,1903753790,Dhaka,Bangladesh,3/11/2020,Not Available,pending
EMP10863,Shathi Molla,57,FEMALE,Human Resources,Analyst,shathi.molla44@yahoo.com,1316018124,Bogura,Bangladesh,23-12-2017,-32879,pending
EMP11397,Chaity Uddin,59,Woman,Finance,Coordinator,chaity.uddin77@@outlook.com,1329020125,Narayanganj,Bangladesh,11/11/2025,139644,INACTIVE
EMP10950,Zahid Akter,22,Female,Procurement,Team Lead,,1839308037,Gazipur,Bangladesh,,,Inactive
EMP11223,Rubel Islam,,MALE,Marketing,Manager,rubel.islam67@gmail.com,1840148147,Dhaka,Bangladesh,,122275,Pending
EMP10029,Shakil Biswas,42,M,Quality Assurance,Senior Officer,shakil.biswas93outlook.com,,Mymensingh,Bangladesh,28-06-2022,148005,Inactive
EMP11386,Habibur Haque,34,Woman,logisitcs,Assistant Manager,habibur.haque87@outlook.com,1662340691,Comilla,Bangladesh,27-12-2018,45078,pending
EMP11016,  Anwar   Pramanik  ,52,F,Finance,Senior Officer,anwar.pramanik59@yahoo.com,1100274892,Rajshahi,bangladesh,11/27/2025,34015,actve
EMP10071,Anwar Hossain,44,F,Sales,Head of Department,,1580125139,Khulna,BD,6/15/2019,84647,pending
EMP10268,Rehana Biswas,48,,Sales,Deputy Manager,rehana.biswas1outlook.com,1047092384,Sylhet,BD,1/22/2025,140710,Active
EMP10538,Jamal Sultana,50,Male,Sales,Junior Executive,jamal.sultana9@gmail.com,1544704583,Mymensingh,Bangladesh,2/22/2017,59832,INACTIVE
EMP10355,  Tania   Siddiqua  ,-,Man,Finance,Senior Executive,tania.siddiqua4@yahoo.com,1225202212,Narayanganj,Bangladesh,,61690,in-active
EMP10185,Kawsar Pramanik,58,,Human Resources,Coordinator,kawsar.pramanik52@outlook.com,1906791724,Barisal,bangladesh,3/10/2022,145028,inactive
EMP10068,Habibur Uddin,38,Female,Legal Affairs,Assistant Manager,habibur.uddin42@gmail.com,170565540,Barisal,Bangladesh,8/11/2023,138467,Pending
EMP10651,Habibur Begum,33,Woman,Sales,Analyst,,,Rangpur,Bangladesh,31/02/2023,N/A,active
EMP11172,  Tarek   Sarker  ,51,MALE,Logistics,Senior Executive,tarek.sarker75@gmail.com,127848164,Gazipur,Bangladesh,6/13/2018,-69061,Suspended
EMP10962,  Sabbir   Biswas  ,56,,Customer Support,Associate,sabbir.biswas90@outlook.com,1633753531,Bogura,Bangladesh,12/11/2017,25710,actve
EMP10085,  Nasir   Sarker  ,52,Female,Human Resources,Deputy Manager,nasir.sarker69@gmail.com,1441224168,Khulna,Bangladesh,6/6/2023,86729,Active
EMP11222,Lubna Rahman,47,Woman,Logistics,Analyst,lubna.rahman22@outlook.com,1671888402,Narayanganj,Bangladesh,31/02/2023,134761,ACTIVE
EMP10919,Tanvir Alam,48,M,IT,Officer,tanvir.alam88@@yahoo.com,,Khulna,bangladesh,2/19/2019,37337,On Leave
EMP11249,Zahid Rana,51,Male,Marketing,Manager,zahid.rana15@outlook.com,1194726264,Bogura,Bangladesh,3/16/2015,,pending
EMP11228,Poppy Khan,33,male,Finance,Assistant Manager,poppy.khan93@gmail.com,1530319214,Rajshahi,Bangladesh,6/8/2023,92058,ACTIVE
EMP10196,Karim Parvin,twenty five,FEMALE,hr,Deputy Manager,karim.parvin79@outlook.com,1456886105,Khulna,BD,7/15/2020,123342,Suspended
EMP10762,Rashed Ali,45,,sales,Officer,rashed.ali13@outlook.com,1966456702,Rangpur,Bangladesh,31/02/2023,81067,pending
EMP10988,Arif Pramanik,45,Woman,Finance,Associate,arif.pramanik74outlook.com,Not Available,Chattogram,Bangladesh,12/13/2018,143832,inactive
EMP10126,Bashir Chowdhury,45,M,Procurement,Coordinator,,1395587773,Mymensingh,Bangladesh,6/20/2020,22658,Pending
EMP11470,Fatima Akter,twenty five,Female,Marketing,Junior Executive,fatima.akter98@yahoo.com,1778063547,Gazipur,Bangladesh,1/6/2022,85222,inactive
EMP10823,Iqbal Akter,54,FEMALE,HR,Associate,iqbal.akter33outlook.com,1254505780,Rajshahi,Bangladesh,,unknown,INACTIVE
EMP10253,  Tania   Miah  ,,Female,Operations,Deputy Manager,tania.miah20@gmail.com,1053381776,Sylhet,Bangladesh,22-04-2023,130487,Suspended
EMP10159,Salma Miah,thirty two,F,IT,Coordinator,salma.miah31@outlook.com,,Barisal,Bangladesh,1/18/2023,32405,
EMP11435,Rahim Miah,56,FEMALE,Logistics,Manager,rahim.miah12@gmail.com,1757575065,Narayanganj,Bangladesh,7/13/2017,121681,Inactive
EMP11404,  Sadia   Parvin  ,59,female,Research & Development,Junior Executive,sadia.parvin35@gmail.com,1291328798,Rajshahi,Bangladesh,22/01/2021,107976,in-active
EMP10741,Rowshan Ahmed,39,MALE,Finance,Officer,rowshan.ahmed26@gmail.com,1780096986,Bogura,Bangladesh,25/01/2017,-121171,inactive
EMP10699,Yusuf Biswas,56,MALE,Operations,Executive,yusuf.biswas37@gmail.com,1798735899,Barisal,BD,25-02-2020,143728,Active
EMP10212,Nasima Sultana,33,FEMALE,Finance,Head of Department,,1687118824,Bogura,BD,22/03/2015,-42846,
EMP10286,Rupa Biswas,27,Female,IT,Analyst,rupa.biswas37@yahoo.com,1471098412,Narayanganj,Bangladesh,28-02-2022,33238,Suspended
EMP10535,Delwar Akter,26,female,Logistics,Associate,delwar.akter96@outlook.com,1897750870,Chattogram,bangladesh,3/3/2020,-104313,On Leave
EMP11383,Farzana Rahman,thirty two,MALE,Logistics,Manager,farzana.rahman45@outlook.com,1899045487,Chattogram,Bangladesh,20/04/2018,135499,Inactive
EMP10817,Roksana Uddin,25,male,it,Deputy Manager,roksana.uddin30@outlook.com,1998460020,Gazipur,Bangladesh,27/05/2022,,Inactive
EMP10581,Nazmul Mahmud,39,,Administration,Associate,,1955367166,Dhaka,bangladesh,1/24/2020,117387,in-active
EMP11317,  Nasima   Uddin  ,33,male,Marketing,Head of Department,nasima.uddin73@gmail.com,1237700035,Mymensingh,Bangladesh,,85060,Active
EMP10588,Habibur Khan,29,FEMALE,fin,Junior Executive,habibur.khan77yahoo.com,1967005317,Khulna,Bangladesh,12/3/2024,69691,ACTIVE
EMP11464,Mizanur Mahmud,twenty five,male,Operations,Junior Executive,mizanur.mahmud48@outlook.com,1092150171,Khulna,Bangladesh,27/08/2022,121544,Pending
EMP11046,Sohel Ahmed,25,Female,Sales,Analyst,sohel.ahmed60@gmail.com,1837937558,Narayanganj,Bangladesh,,100340,onleave
EMP10354,Farzana Rahman,,MALE,Operations,Officer,farzana.rahman69@yahoo.com,1630819849,Narayanganj,Bangladesh,21-11-2024,47948,ACTIVE
EMP10819,Rowshan Ahmed,33,Male,Administration,Manager,rowshan.ahmed73@yahoo.com,1412890371,Comilla,Bangladesh,28/06/2015,80718,Active
EMP10358,Anisur Bhuiyan,n/a,Man,Marketing,Head of Department,anisur.bhuiyan29@gmail.com,Not Available,Rangpur,Bangladesh,,60769,pending
EMP10738,  Rashed   Biswas  ,twenty five,female,sales,Analyst,rashed.biswas77@gmail.com,,Khulna,Bangladesh,27-11-2023,53914,in-active
EMP11284,Salma Molla,40,M,HR,Analyst,salma.molla84@@yahoo.com,1405289055,Chattogram,Bangladesh,5/26/2024,110498,in-active
EMP10146,Kabir Akter,55,FEMALE,Finance,Junior Executive,kabir.akter18@yahoo.com,1250780531,Chattogram,Bangladesh,2/20/2025,-145210,actve
EMP11371,Sabbir Parvin,39,Male,Operations,Analyst,sabbir.parvin67@outlook.com,1966420977,Dhaka,Bangladesh,3/2/2017,-105440,Pending
EMP10914,Nasima Chowdhury,22,female,Customer Support,Head of Department,nasima.chowdhury32@gmail.com,1238624630,Gazipur,BD,12/12/2025,24025,active
EMP10206,Nadia Sarker,51,FEMALE,Finance,Senior Executive,nadia.sarker28@yahoo.com,1975587259,Dhaka,Bangladesh,,-33204,Inactive
EMP11112,Kamal Mollah,,,logisitcs,Associate,kamal.mollah10@outlook.com,Not Available,Narayanganj,Bangladesh,7/10/2025,71791,Suspended
EMP10573,Sajib Khan,35,F,Customer Support,Junior Executive,sajib.khan53@gmail.com,1078075376,Rangpur,bangladesh,11/6/2020,117914,ACTIVE
EMP10917,Sultana Haque,23,Female,Sales,Manager,sultana.haque20@yahoo.com,1339648318,Mymensingh,Bangladesh,25/03/2022,72963,Active
EMP11377,Jannatul Rahman,23,F,Customer Support,Executive,jannatul.rahman8@outlook.com,1675256734,Narayanganj,Bangladesh,16-05-2020,50243,in-active
EMP10394,Sadia Bhuiyan,43,male,Procurement,Deputy Manager,sadia.bhuiyan39outlook.com,,Rajshahi,Bangladesh,9/8/2016,38072,active
EMP10638,Rupa Khatun,27,male,IT,Officer,rupa.khatun26@yahoo.com,1605258310,Gazipur,Bangladesh,12/1/2021,96778,Inactive
EMP11127,Ayesha Alam,55,Man,Sales,Manager,ayesha.alam42@gmail.com,,Dhaka,Bangladesh,3/12/2020,115756,
EMP10675,Jannatul Ahmed,31,FEMALE,Customer Support,Head of Department,jannatul.ahmed17@gmail.com,1648138813,Barisal,Bangladesh,,-94482,Inactive
EMP10243,Nurjahan Bhuiyan,56,Man,Legal Affairs,Associate,nurjahan.bhuiyan19@gmail.com,1542308121,Dhaka,Bangladesh,7/17/2018,-117648,pending
EMP10539,Marzia Khan,twenty five,Woman,fin,Manager,marzia.khan51@yahoo.com,Not Available,Bogura,BD,3/4/2020,41086,Pending
EMP11256,Farzana Parvin,47,female,Sales,Assistant Manager,farzana.parvin81@outlook.com,1081690012,Comilla,Bangladesh,19/02/2018,,inactive
EMP10742,Salma Uddin,n/a,FEMALE,Customer Support,Associate,salma.uddin85@gmail.com,1737542773,Bogura,Bangladesh,11/10/2019,109420,actve
EMP10377,Bashir Sultana,59,MALE,markting,Team Lead,bashir.sultana44@gmail.com,Not Available,Dhaka,Bangladesh,6/17/2018,109472,ACTIVE
EMP11067,Jamal Molla,58,F,I.T.,Senior Officer,jamal.molla71@gmail.com,1974865257,Mymensingh,Bangladesh,4/10/2020,67157,INACTIVE
EMP10116,Arif Bhuiyan,36,FEMALE,Legal Affairs,Junior Executive,arif.bhuiyan10@@outlook.com,1996988873,Narayanganj,Bangladesh,11/12/2017,112498,inactive
EMP10521,Rubel Uddin,55,FEMALE,Finance,Senior Executive,rubel.uddin5@yahoo.com,1635702274,Comilla,Bangladesh,28/01/2017,Not Provided,active
EMP10352,Jamal Miah,29,FEMALE,Finance,Junior Executive,jamal.miah79@yahoo.com,1806349101,Rangpur,Bangladesh,24-05-2018,69212,actve
EMP10437,Wasim Siddiqua,,Man,Business Intelligence,Senior Executive,wasim.siddiqua2@gmail.com,1623947240,Sylhet,Bangladesh,6/25/2022,82664,actve
EMP10536,Tahmina Biswas,43,MALE,support,Officer,tahmina.biswas47@gmail.com,1297892195,Narayanganj,Bangladesh,,22561,Active
EMP10513,  Tanvir   Khatun  ,32,Male,Marketing,Deputy Manager,tanvir.khatun16@outlook.com,1769750072,Rangpur,Bangladesh,7/3/2022,44555,inactive
EMP10056,Rina Haque,55,male,HR,Deputy Manager,rina.haque12@outlook.com,Not Available,Sylhet,Bangladesh,11/15/2016,67798,INACTIVE
EMP10902,Nasir Bhuiyan,21,Woman,Human Resources,Coordinator,nasir.bhuiyan83@@outlook.com,1534187347,Narayanganj,Bangladesh,27/07/2025,,Inactive
EMP11359,Arif Biswas,twenty five,Male,HR,Manager,arif.biswas21@yahoo.com,1477713714,Khulna,Bangladesh,17-03-2016,,active
EMP11203,Hasan Molla,thirty two,male,Marketing,Deputy Manager,hasan.molla70@outlook.com,1639530966,Sylhet,Bangladesh,11/9/2015,,Suspended
EMP11024,Shahana Alam,33,Man,sales,Manager,shahana.alam30@yahoo.com,1017343500,Bogura,Bangladesh,9/20/2022,,active
EMP10926,Nasir Bhuiyan,53,male,logisitcs,Senior Officer,nasir.bhuiyan19@yahoo.com,1967355807,Rangpur,Bangladesh,6/9/2018,94611,Active
EMP10806,Chaity Mollah,39,MALE,Logistics,Head of Department,chaity.mollah77outlook.com,1802586269,Bogura,Bangladesh,,100126,Suspended
EMP10054,Faruk Biswas,48,Man,hr,Team Lead,faruk.biswas81@gmail.com,1073028084,Comilla,Bangladesh,24-07-2015,53699,pending
EMP10484,Habibur Chowdhury,thirty two,Woman,IT,Team Lead,habibur.chowdhury36@outlook.com,1459733077,Comilla,Bangladesh,6/19/2019,101962,
EMP10751,Rehana Uddin,56,male,IT,Manager,rehana.uddin2@gmail.com,1601367412,Bogura,Bangladesh,,-101272,active
EMP11481,Nazmul Haque,46,Female,Customer Support,Senior Executive,nazmul.haque30@gmail.com,1181307562,Chattogram,BD,,141629,Active
EMP10784,Firoz Pramanik,37,M,Research & Development,Senior Executive,firoz.pramanik2@yahoo.com,1744542164,Barisal,Bangladesh,24-08-2025,39759,Suspended
EMP11277,Sabbir Haque,unknown,Man,Quality Assurance,Senior Executive,sabbir.haque96@outlook.com,1512717507,Rajshahi,Bangladesh,20/04/2019,94216,ACTIVE
EMP10342,Yusuf Talukder,58,Male,HR,Assistant Manager,yusuf.talukder59@gmail.com,1153016843,Dhaka,Bangladesh,15-11-2021,37451,Inactive
EMP10805,Nasir Rahman,44,MALE,Sales,Head of Department,nasir.rahman66@yahoo.com,1155795783,Sylhet,Bangladesh,17-10-2020,26713,Active
EMP10705,Jannatul Pramanik,34,MALE,ops,Deputy Manager,jannatul.pramanik9@outlook.com,1208159653,Narayanganj,Bangladesh,6/7/2025,117194,Suspended
EMP11141,Mahfuz Rahman,28,F,Sales,Senior Executive,mahfuz.rahman66@yahoo.com,1496495900,Rangpur,Bangladesh,16/08/2021,-125817,actve
EMP11179,Mahfuz Pramanik,,Man,Administration,Executive,mahfuz.pramanik70@outlook.com,Not Available,Barisal,Bangladesh,,33480,Suspended
EMP11113,Tania Islam,54,Man,Marketing,Junior Executive,tania.islam18@gmail.com,1095173591,Barisal,Bangladesh,7/4/2019,unknown,onleave
EMP11189,Nasrin Alam,25,female,Operations,Deputy Manager,nasrin.alam14@gmail.com,1069454358,Barisal,Bangladesh,31/02/2023,32769,in-active
EMP10491,  Karim   Bhuiyan  ,59,Man,IT,Team Lead,karim.bhuiyan2@yahoo.com,1934554421,Comilla,Bangladesh,5/9/2015,-59976,On Leave
EMP11310,Tarek Rahman,N/A,Woman,Finance,Manager,tarek.rahman32@outlook.com,1995051737,Mymensingh,bangladesh,,128609,in-active
EMP11030,Shahana Mahmud,48,F,Logistics,Officer,shahana.mahmud37@yahoo.com,,Dhaka,Bangladesh,21-07-2025,80612,pending
EMP11455,Faruk Islam,51,Man,Sales,Senior Executive,faruk.islam7@outlook.com,1511461601,Sylhet,Bangladesh,7/8/2022,95804,
EMP10943,Sadia Ali,59,,HR,Team Lead,sadia.ali45@yahoo.com,1261874489,Rajshahi,Bangladesh,9/26/2016,-112644,in-active
EMP10255,Mamun Rahman,40,F,Business Intelligence,Head of Department,mamun.rahman38@@yahoo.com,1765101213,Rajshahi,Bangladesh,24/02/2016,25241,Active
EMP10244,Lubna Akter,52,Female,admin,Team Lead,,1364008557,Bogura,Bangladesh,9/1/2024,26898,INACTIVE
EMP10948,Ashraf Biswas,35,Male,Marketing,Coordinator,ashraf.biswas44@outlook.com,1249779863,Rajshahi,Bangladesh,11/10/2023,94863,Active
EMP10413,Momtaz Miah,44,F,Logistics,Team Lead,momtaz.miah89@yahoo.com,1023227619,Narayanganj,Bangladesh,28-02-2017,109258,active
EMP10533,Kamal Alam,47,Female,Human Resources,Deputy Manager,kamal.alam87@@gmail.com,1180878555,Sylhet,Bangladesh,4/9/2025,37066,
EMP10529,Zahid Rahman,,MALE,I.T.,Executive,zahid.rahman5@yahoo.com,1376883618,Rangpur,Bangladesh,7/11/2015,130659,Pending
EMP10200,Chaity Sarker,twenty five,,Marketing,Head of Department,chaity.sarker18@yahoo.com,1903619095,Narayanganj,Bangladesh,28/02/2024,94154,Inactive
EMP10681,Sohel Khan,44,,Finance,Officer,sohel.khan85@yahoo.com,1575282890,Comilla,Bangladesh,19/11/2017,145361,Active
EMP10867,Rashed Mollah,unknown,Man,Human Resources,Analyst,rashed.mollah78@outlook.com,1695319610,Rajshahi,Bangladesh,19-01-2025,46359,
EMP10410,Firoz Mollah,twenty five,,IT,Associate,firoz.mollah89@yahoo.com,1115242699,Rangpur,Bangladesh,10/17/2022,N/A,inactive
EMP11438,Tania Biswas,50,Male,Administration,Officer,tania.biswas63gmail.com,Not Available,Chattogram,BD,8/10/2018,43174,INACTIVE
EMP10510,Meherun Sheikh,24,F,Legal Affairs,Team Lead,meherun.sheikh85@yahoo.com,1433392536,Sylhet,Bangladesh,22-11-2015,-78654,
EMP10630,Sadia Miah,21,M,Finance,Coordinator,sadia.miah14outlook.com,1484954348,Rajshahi,bangladesh,12/10/2017,41238,onleave
EMP10002,Jannatul Begum,36,Man,Sales,Deputy Manager,jannatul.begum32outlook.com,1442517248,Sylhet,BD,6/2/2022,64279,pending
EMP10112,Yusuf Pramanik,30,,Administration,Executive,yusuf.pramanik35@outlook.com,1883879589,Barisal,Bangladesh,9/24/2017,107607,Active
EMP11313,Iqbal Miah,-,Woman,Logistics,Deputy Manager,iqbal.miah65@@yahoo.com,1879366453,Gazipur,Bangladesh,8/9/2019,-116097,in-active
EMP10446,Anisur Sheikh,44,Woman,Innovation Lab,Team Lead,anisur.sheikh16@yahoo.com,1696410388,Barisal,Bangladesh,16/01/2015,47110,Active
EMP10527,Farzana Ali,27,Man,fin,Senior Officer,farzana.ali6@@gmail.com,1037780520,Narayanganj,BD,5/25/2025,28222,in-active
EMP10120,Firoz Mollah,57,Male,hr,Officer,firoz.mollah4@yahoo.com,1847723139,Khulna,Bangladesh,11/23/2020,36572,pending
EMP11058,Ayesha Mollah,53,Male,HR,Manager,ayesha.mollah48@@gmail.com,1912500336,Chattogram,Bangladesh,,44055,Suspended
EMP10702,Mahfuz Biswas,,Male,Customer Support,Manager,mahfuz.biswas35@outlook.com,1963171373,Mymensingh,Bangladesh,1/19/2023,-144977,Inactive
EMP10854,Sultana Rahman,58,FEMALE,Human Resources,Analyst,sultana.rahman96@gmail.com,1327101109,Comilla,Bangladesh,2/18/2016,124312,ACTIVE
EMP11486,Sajib Molla,49,MALE,Human Resources,Senior Officer,sajib.molla13@gmail.com,1106805431,Gazipur,Bangladesh,31/02/2023,147927,Active
EMP10701,Momtaz Siddiqua,57,M,Research & Development,Associate,momtaz.siddiqua62@gmail.com,1772062042,Bogura,Bangladesh,8/6/2023,141593,
EMP11384,  Wasim   Parvin  ,25,male,Marketing,Coordinator,wasim.parvin19@yahoo.com,Not Available,Narayanganj,Bangladesh,6/7/2020,40817,Inactive
EMP10904,Nurjahan Haque,,Male,Sales,Deputy Manager,nurjahan.haque19@outlook.com,1184182331,Mymensingh,Bangladesh,5/13/2018,149912,Inactive
EMP10814,Selim Parvin,32,male,Marketing,Head of Department,selim.parvin96@outlook.com,1621939110,Comilla,Bangladesh,,90324,actve
EMP10840,Chaity Pramanik,,Male,IT,Analyst,chaity.pramanik55@outlook.com,1662899502,Sylhet,Bangladesh,28-07-2018,120083,On Leave
EMP10242,Shahana Sheikh,49,Man,Marketing,Head of Department,shahana.sheikh89@gmail.com,1929435030,Barisal,Bangladesh,2/5/2023,140082,
EMP11354,Rafiq Mollah,-,Male,hr,Assistant Manager,,1941101758,Comilla,Bangladesh,10/5/2023,64550,
EMP10849,Anwar Miah,28,female,HR,Manager,anwar.miah87@outlook.com,1009595734,Bogura,BD,9/25/2017,100287,in-active
EMP10192,Habibur Parvin,26,,Human Resources,Head of Department,habibur.parvin23outlook.com,1669851139,Chattogram,Bangladesh,26-08-2017,88227,Pending
EMP10694,Hasan Akter,38,female,Human Resources,Manager,hasan.akter82@yahoo.com,1727896747,Dhaka,Bangladesh,5/10/2019,88076,inactive
EMP11110,Roksana Khan,twenty five,F,Research & Development,Associate,roksana.khan11@outlook.com,1189416955,Bogura,Bangladesh,2/17/2023,80408,On Leave
EMP11442,Rashed Mahmud,41,Female,Sales,Head of Department,rashed.mahmud93@gmail.com,1572992173,Rangpur,Bangladesh,8/2/2025,-100803,active
EMP11054,Selim Hossain,32,female,admin,Senior Executive,selim.hossain97@@yahoo.com,1227388913,Narayanganj,Bangladesh,3/9/2016,77770,INACTIVE
EMP11355,Nasima Pramanik,,male,it,Head of Department,nasima.pramanik50@gmail.com,1423496096,Narayanganj,BD,1/7/2020,90237,INACTIVE
EMP11403,Parveen Pramanik,31,M,Human Resources,Team Lead,parveen.pramanik16@gmail.com,1461517280,Comilla,Bangladesh,9/3/2016,79941,Pending
EMP11117,Jannatul Pramanik,53,Woman,Finance,Senior Executive,jannatul.pramanik65@@outlook.com,1564225477,Comilla,Bangladesh,6/9/2025,-125756,On Leave
EMP11033,Kamal Sheikh,24,Man,Administration,Executive,kamal.sheikh71@yahoo.com,1952911157,Bogura,Bangladesh,11/10/2023,64925,pending
EMP10173,Faruk Siddiqua,29,Female,Administration,Associate,faruk.siddiqua42@outlook.com,1207234549,Bogura,Bangladesh,5/11/2019,124614,On Leave
EMP10098,Chaity Karim,25,M,Human Resources,Coordinator,chaity.karim41@outlook.com,1711894164,Mymensingh,Bangladesh,15/12/2021,53052,onleave
EMP11031,Salma Sheikh,40,FEMALE,Logistics,Associate,salma.sheikh46@yahoo.com,1892397229,Chattogram,Bangladesh,18-05-2015,-138031,ACTIVE
EMP11155,Farzana Khan,38,male,Business Intelligence,Team Lead,farzana.khan68@@outlook.com,1062499442,Rangpur,Bangladesh,9/3/2017,149353,
EMP11208,  Golam   Parvin  ,52,male,Quality Assurance,Head of Department,golam.parvin21@gmail.com,1760335403,Narayanganj,BD,28-12-2022,144071,in-active
EMP11443,Rowshan Talukder,twenty five,male,Procurement,Assistant Manager,rowshan.talukder26@outlook.com,1252977705,Gazipur,Bangladesh,11/2/2022,54604,onleave
EMP10952,  Shirin   Hossain  ,25,Woman,Human Resources,Coordinator,,1568581060,Bogura,Bangladesh,14/10/2016,N/A,inactive
EMP10086,Nasrin Akter,23,Male,Administration,Analyst,nasrin.akter91@yahoo.com,1414617864,Barisal,Bangladesh,5/5/2019,80417,INACTIVE
EMP10108,Mamun Sheikh,thirty two,Male,Sales,Associate,mamun.sheikh6@gmail.com,,Rajshahi,bangladesh,9/1/2017,34069,Pending
EMP10477,Momtaz Islam,44,Man,Customer Support,Officer,momtaz.islam70@outlook.com,1819441782,Mymensingh,Bangladesh,22/01/2023,,On Leave
EMP11100,Jamal Sarker,twenty five,M,Marketing,Coordinator,jamal.sarker88@gmail.com,1025647059,Comilla,bangladesh,,Not Available,Inactive
EMP11340,Karim Islam,27,Man,Customer Support,Head of Department,karim.islam58@outlook.com,Not Available,Comilla,Bangladesh,,-91350,ACTIVE
EMP10726,Shirina Siddiqua,54,female,ops,Head of Department,shirina.siddiqua48@outlook.com,1067347055,Rajshahi,Bangladesh,,130304,inactive
EMP10345,Tanvir Alam,47,female,Procurement,Manager,tanvir.alam6@outlook.com,1563942187,Sylhet,Bangladesh,3/16/2017,37294,Active
EMP10404,Faruk Bhuiyan,N/A,M,Sales,Coordinator,faruk.bhuiyan99outlook.com,1072334105,Sylhet,Bangladesh,3/19/2022,-135270,On Leave
EMP10971,  Afroza   Chowdhury  ,46,Female,Legal Affairs,Associate,afroza.chowdhury54@gmail.com,1266773931,Bogura,Bangladesh,7/27/2024,144516,INACTIVE
EMP11336,Nasir Rana,38,FEMALE,Research & Development,Senior Executive,nasir.rana9@yahoo.com,1067718098,Comilla,Bangladesh,5/1/2024,33393,actve
EMP10283,Jamal Siddiqua,41,Woman,Human Resources,Senior Executive,jamal.siddiqua44@gmail.com,1629050287,Bogura,Bangladesh,6/19/2024,-143079,actve
EMP10083,Rahim Chowdhury,57,male,Logistics,Officer,rahim.chowdhury47@yahoo.com,1732373574,Mymensingh,Bangladesh,31/02/2023,43856,inactive
EMP11454,Imran Ali,53,Woman,Operations,Junior Executive,imran.ali48@@outlook.com,Not Available,Gazipur,Bangladesh,24-04-2016,148020,INACTIVE
EMP11196,Alamgir Pramanik,26,Woman,Operations,Analyst,alamgir.pramanik55outlook.com,1699128399,Bogura,Bangladesh,9/11/2019,131426,active
EMP11209,Roksana Rahman,50,Male,Marketing,Manager,roksana.rahman30gmail.com,1030389955,Gazipur,bangladesh,11/5/2016,92550,INACTIVE
EMP10448,Marzia Karim,33,Male,Procurement,Executive,marzia.karim18@gmail.com,1551687957,Mymensingh,Bangladesh,,-26278,Active
EMP11321,Afroza Akter,45,male,it,Coordinator,afroza.akter46@gmail.com,1238819410,Dhaka,bangladesh,7/7/2017,-37738,actve
EMP11319,Rowshan Molla,thirty two,MALE,Innovation Lab,Junior Executive,rowshan.molla75@outlook.com,1770531666,Barisal,Bangladesh,10/28/2015,110958,onleave
EMP10821,Ayesha Khatun,38,M,it,Analyst,ayesha.khatun93@@gmail.com,1871826085,Comilla,bangladesh,1/3/2025,,Inactive
EMP11178,Nazmul Talukder,,M,I.T.,Executive,nazmul.talukder61@gmail.com,1382801122,Mymensingh,Bangladesh,14-05-2024,125262,inactive
EMP10567,Farzana Khan,36,F,Procurement,Team Lead,farzana.khan71gmail.com,1923693278,Barisal,Bangladesh,2/9/2023,Not Available,inactive
EMP11094,Hasan Islam,55,female,Finance,Executive,hasan.islam69@gmail.com,Not Available,Rajshahi,BD,7/26/2017,,INACTIVE
EMP10416,Kabir Khatun,36,Woman,Marketing,Analyst,kabir.khatun56@gmail.com,1124778923,Sylhet,Bangladesh,10/20/2023,106531,Suspended
EMP11040,Kabir Uddin,33,Male,Procurement,Associate,kabir.uddin35@yahoo.com,1587388414,Mymensingh,BD,31/02/2023,132324,active
EMP11163,Alamgir Hossain,36,F,Human Resources,Executive,alamgir.hossain29yahoo.com,1603208579,Chattogram,bangladesh,9/14/2018,93765,Active
EMP11335,Iqbal Islam,55,male,Human Resources,Senior Officer,,1039129015,Gazipur,Bangladesh,25-07-2024,97002,inactive
EMP10627,Rehana Pramanik,50,M,it,Manager,rehana.pramanik14@outlook.com,1732512587,Chattogram,Bangladesh,,40301,pending
EMP11072,  Meherun   Khatun  ,52,M,Operations,Senior Executive,meherun.khatun90@yahoo.com,1633246178,Mymensingh,Bangladesh,21/03/2017,117740,On Leave
EMP11073,Sultana Rahman,45,F,Sales,Associate,sultana.rahman50@gmail.com,1026595931,Sylhet,Bangladesh,14/05/2021,-25893,onleave
EMP10180,Jamal Haque,,Male,Customer Support,Executive,jamal.haque41@gmail.com,1470397383,Khulna,BD,12/28/2025,99272,actve
EMP10003,Momtaz Khan,48,Male,IT,Manager,momtaz.khan33@gmail.com,1804801438,Bogura,BD,17-08-2015,97738,active
EMP11301,Kawsar Haque,48,MALE,Human Resources,Senior Officer,kawsar.haque56@gmail.com,1280816554,Khulna,Bangladesh,27/11/2015,48503,Pending
EMP10608,Karim Islam,56,male,Sales,Head of Department,karim.islam6@yahoo.com,198077906,Mymensingh,Bangladesh,2/1/2024,57214,
EMP10777,Marzia Islam,43,FEMALE,Human Resources,Analyst,marzia.islam81@gmail.com,1837181343,Gazipur,Bangladesh,10/11/2022,108154,inactive
EMP10194,Nasima Khatun,45,Female,Finance,Junior Executive,nasima.khatun5@outlook.com,1647790845,Comilla,Bangladesh,6/18/2025,,Suspended
EMP10987,Farzana Siddiqua,42,,Human Resources,Senior Executive,farzana.siddiqua15@yahoo.com,1495792373,Chattogram,Bangladesh,7/11/2016,124744,inactive
EMP11296,Shirin Akter,26,Man,Marketing,Executive,shirin.akter74@outlook.com,1455783614,Sylhet,Bangladesh,24/08/2018,93099,active
EMP10600,  Yusuf   Siddiqua  ,55,FEMALE,Customer Support,Senior Officer,yusuf.siddiqua44@gmail.com,1542475462,Bogura,BD,12/26/2019,63406,INACTIVE
EMP10049,Kawsar Akter,25,male,Sales,Head of Department,kawsar.akter96@gmail.com,Not Available,Narayanganj,bangladesh,5/12/2025,N/A,actve
EMP10968,Nasima Uddin,36,FEMALE,markting,Associate,nasima.uddin65@outlook.com,Not Available,Rajshahi,Bangladesh,8/19/2021,105728,Pending
EMP10654,Meherun Mahmud,23,female,Quality Assurance,Senior Executive,meherun.mahmud58@outlook.com,1835086013,Mymensingh,bangladesh,10/15/2021,120762,pending
EMP10277,Dilruba Miah,,M,admin,Deputy Manager,,Not Available,Barisal,Bangladesh,1/8/2015,135118,pending
EMP10279,Tania Parvin,47,male,Human Resources,Team Lead,tania.parvin37@gmail.com,1320721088,Gazipur,Bangladesh,28/10/2019,N/A,onleave
EMP10344,  Firoz   Uddin  ,-,FEMALE,Legal Affairs,Executive,firoz.uddin83@gmail.com,1019337858,Dhaka,Bangladesh,9/15/2019,25520,inactive
EMP10096,Wasim Rana,40,FEMALE,IT,Manager,wasim.rana24@outlook.com,Not Available,Sylhet,Bangladesh,10/2/2017,65405,On Leave
EMP10628,Jamal Rana,35,Male,it,Head of Department,jamal.rana31@outlook.com,1018252591,Dhaka,BD,12/16/2018,-110837,pending
EMP10559,  Kabir   Rana  ,51,male,IT,Junior Executive,kabir.rana23@outlook.com,1912418030,Khulna,Bangladesh,4/11/2016,-99100,Pending
EMP10623,Kawsar Sarker,30,F,Marketing,Executive,kawsar.sarker54yahoo.com,1007681197,Sylhet,Bangladesh,28-01-2019,115532,inactive
EMP10278,Shirina Sarker,29,,Operations,Deputy Manager,shirina.sarker40@outlook.com,1209919174,Narayanganj,Bangladesh,7/4/2023,113753,INACTIVE
EMP11020,Karim Parvin,23,F,Finance,Assistant Manager,karim.parvin3@gmail.com,1158069316,Barisal,Bangladesh,,25087,Pending
EMP11379,Farzana Miah,,male,support,Coordinator,farzana.miah47@@yahoo.com,1207381281,Bogura,Bangladesh,10/8/2024,117589,Suspended
EMP10667,Roksana Rana,,MALE,Logistics,Team Lead,roksana.rana28@yahoo.com,1007205753,Gazipur,Bangladesh,8/11/2024,71110,Pending
EMP10187,Tanvir Khan,41,,Legal Affairs,Coordinator,tanvir.khan39gmail.com,1736486898,Gazipur,Bangladesh,8/3/2025,89890,Active
EMP10466,Shakil Akter,31,male,Marketing,Deputy Manager,,1404131639,Chattogram,Bangladesh,25/11/2019,135390,
EMP11330,Selim Begum,37,Man,HR,Senior Executive,selim.begum23@yahoo.com,1610593421,Rajshahi,Bangladesh,31/02/2023,147756,Inactive
EMP10676,Karim Talukder,59,female,IT,Head of Department,karim.talukder33@outlook.com,1719514944,Rangpur,Bangladesh,11/1/2021,145951,pending
EMP11138,Shahana Sarker,thirty two,FEMALE,Logistics,Analyst,shahana.sarker73@gmail.com,1616055628,Dhaka,Bangladesh,2/2/2019,56811,INACTIVE
EMP10033,Nurjahan Khan,21,Female,Administration,Analyst,nurjahan.khan4@outlook.com,,Rajshahi,BD,7/18/2015,140967,Pending
EMP10634,Firoz Mollah,57,M,Logistics,Senior Officer,firoz.mollah53@outlook.com,1153164013,Rangpur,Bangladesh,20/01/2025,123617,inactive
EMP10910,Meherun Mahmud,34,FEMALE,hr,Team Lead,meherun.mahmud4@gmail.com,1839263185,Narayanganj,Bangladesh,2/16/2019,52032,pending
EMP10136,Nasima Ahmed,42,male,hr,Coordinator,nasima.ahmed97@outlook.com,1917910533,Narayanganj,Bangladesh,24-05-2021,,Active
EMP10310,Roksana Hossain,,male,Human Resources,Manager,roksana.hossain30@yahoo.com,1234628011,Dhaka,Bangladesh,10/22/2015,38584,active
EMP10093,Arif Miah,twenty five,Woman,Human Resources,Officer,arif.miah99@yahoo.com,1458754258,Mymensingh,Bangladesh,20/05/2017,-115491,actve
EMP10021,Shakil Mollah,47,Woman,hr,Assistant Manager,shakil.mollah73@yahoo.com,1521950542,Narayanganj,Bangladesh,3/1/2022,28486,Pending
EMP11191,Mamun Sheikh,47,FEMALE,Operations,Officer,mamun.sheikh41@outlook.com,1588917409,Mymensingh,bangladesh,24-05-2024,85951,On Leave
EMP11068,  Marzia   Parvin  ,unknown,Female,ops,Head of Department,marzia.parvin66@outlook.com,,Sylhet,BD,20/06/2015,114676,onleave
EMP11235,Sajib Miah,21,Man,Research & Development,Head of Department,sajib.miah73@outlook.com,1221751549,Comilla,Bangladesh,4/5/2015,93296,Suspended
EMP10893,Ayesha Hossain,25,Female,Administration,Coordinator,,1127798889,Narayanganj,Bangladesh,24/03/2025,-102742,Pending
EMP11297,Faruk Haque,30,Man,Quality Assurance,Associate,,1741232886,Rajshahi,BD,2/10/2023,79971,ACTIVE
EMP11160,Ashraf Mahmud,42,MALE,ops,Manager,ashraf.mahmud30@outlook.com,1104685668,Bogura,Bangladesh,,109272,pending
EMP10409,Ayesha Begum,,female,IT,Senior Executive,ayesha.begum36@gmail.com,1548553556,Chattogram,Bangladesh,12/7/2015,53783,On Leave
EMP11201,Nasrin Khan,-,F,Finance,Senior Executive,,1370681175,Sylhet,Bangladesh,,74555,Inactive
EMP10091,Yusuf Sarker,46,M,IT,Coordinator,yusuf.sarker66@outlook.com,1204257517,Narayanganj,Bangladesh,9/11/2017,82726,Inactive
EMP11022,Jannatul Bhuiyan,,Woman,Procurement,Senior Officer,jannatul.bhuiyan97@outlook.com,1053205019,Sylhet,Bangladesh,3/2/2017,104569,active
EMP10269,Mahfuz Bhuiyan,53,MALE,Operations,Coordinator,mahfuz.bhuiyan19@yahoo.com,1958179408,Narayanganj,Bangladesh,13-01-2024,140705,INACTIVE
EMP11440,Yusuf Khatun,29,male,Procurement,Associate,yusuf.khatun84@yahoo.com,1347999640,Mymensingh,BD,12/24/2025,117623,onleave
EMP10341,Sajib Mollah,30,MALE,Customer Support,Deputy Manager,sajib.mollah10@gmail.com,1672440394,Barisal,Bangladesh,14/11/2022,32247,INACTIVE
EMP10364,Anisur Bhuiyan,57,MALE,Quality Assurance,Executive,,1988572227,Rajshahi,Bangladesh,23/12/2023,62174,pending
EMP11422,Momtaz Begum,21,Male,support,Senior Officer,,1421086379,Gazipur,Bangladesh,11/24/2017,137756,ACTIVE
EMP10980,Tanvir Sultana,26,M,Finance,Senior Officer,tanvir.sultana79@yahoo.com,1204123474,Mymensingh,Bangladesh,,-144193,ACTIVE
EMP11460,Parveen Uddin,thirty two,Male,Administration,Deputy Manager,parveen.uddin96@yahoo.com,Not Available,Barisal,Bangladesh,12/1/2022,-60595,in-active
EMP11285,Parveen Biswas,,Man,support,Head of Department,parveen.biswas2@gmail.com,1349129243,Bogura,Bangladesh,3/6/2015,94249,actve
EMP10361,Karim Siddiqua,26,Male,Human Resources,Senior Executive,karim.siddiqua65@@gmail.com,,Mymensingh,Bangladesh,7/25/2017,-32793,Active
EMP10313,Dilruba Miah,24,FEMALE,Operations,Senior Executive,dilruba.miah44@outlook.com,1626664575,Rangpur,Bangladesh,2/24/2025,33083,onleave
EMP10507,Tarek Karim,52,Woman,sales,Coordinator,tarek.karim72@outlook.com,1408337058,Rangpur,Bangladesh,8/15/2019,-27458,On Leave
EMP10140,Parveen Rahman,34,Woman,Sales,Associate,parveen.rahman19@yahoo.com,1101911084,Bogura,Bangladesh,19-12-2019,126984,
EMP10563,Parveen Rahman,45,MALE,Administration,Junior Executive,parveen.rahman72@@gmail.com,1070954088,Khulna,BD,9/1/2025,,inactive
EMP10379,Sadia Mahmud,24,F,Operations,Associate,sadia.mahmud26@outlook.com,1341430744,Rangpur,Bangladesh,12/2/2024,49502,Suspended
EMP11344,Alamgir Akter,39,Man,Marketing,Manager,alamgir.akter58@outlook.com,1476576587,Bogura,Bangladesh,2/11/2025,134584,Inactive
EMP11423,Ayesha Mollah,,male,Procurement,Head of Department,ayesha.mollah99yahoo.com,,Sylhet,Bangladesh,27-07-2021,26197,Suspended
EMP11433,Yusuf Rahman,55,Male,sales,Deputy Manager,yusuf.rahman67@outlook.com,1613284013,Dhaka,Bangladesh,11/18/2015,127407,onleave
EMP10270,  Jannatul   Sheikh  ,56,Female,support,Junior Executive,jannatul.sheikh48@outlook.com,1411917427,Dhaka,Bangladesh,27/07/2019,113380,ACTIVE
EMP11385,Lubna Sheikh,55,male,support,Junior Executive,lubna.sheikh52@yahoo.com,128860748,Narayanganj,Bangladesh,11/11/2024,-106608,pending
EMP10550,Shirin Mahmud,32,MALE,admin,Analyst,shirin.mahmud28@gmail.com,1151108420,Narayanganj,Bangladesh,17-02-2021,60244,Pending
EMP10078,Shathi Pramanik,37,FEMALE,Marketing,Team Lead,shathi.pramanik78@gmail.com,1409304770,Rajshahi,Bangladesh,14/10/2024,,On Leave
EMP10276,Faruk Mahmud,23,F,Marketing,Manager,,1132687656,Bogura,Bangladesh,12/22/2019,113090,On Leave
EMP10151,Anwar Pramanik,54,male,Marketing,Junior Executive,anwar.pramanik44@outlook.com,1007062175,Mymensingh,Bangladesh,7/12/2025,-42093,Inactive
EMP10558,Imran Haque,54,MALE,logisitcs,Team Lead,imran.haque54@@yahoo.com,1677446756,Comilla,Bangladesh,14-02-2019,-40812,inactive
EMP10978,Afroza Sarker,32,MALE,Marketing,Manager,afroza.sarker54@yahoo.com,1790888740,Khulna,Bangladesh,18/06/2016,117684,in-active
EMP10593,Mamun Chowdhury,24,M,Marketing,Manager,,1310211384,Mymensingh,Bangladesh,23-04-2017,41290,onleave
EMP10683,Afroza Hossain,,F,Marketing,Coordinator,afroza.hossain32outlook.com,1464020000,Sylhet,Bangladesh,7/10/2019,108950,onleave
EMP10111,Faruk Molla,,Male,Sales,Deputy Manager,faruk.molla98@yahoo.com,1549029455,Rajshahi,Bangladesh,8/5/2016,22841,Inactive
EMP11424,Marzia Haque,23,MALE,Procurement,Coordinator,marzia.haque74@yahoo.com,102066770,Bogura,Bangladesh,19/05/2017,27914,active
EMP10773,  Rafiq   Mollah  ,45,Woman,Logistics,Assistant Manager,rafiq.mollah90@gmail.com,1709998698,Rangpur,Bangladesh,9/1/2018,26960,On Leave
EMP11137,  Faruk   Hossain  ,56,Man,Operations,Analyst,faruk.hossain59@gmail.com,113007890,Dhaka,Bangladesh,6/20/2018,123099,ACTIVE
EMP10714,Poppy Mahmud,,MALE,Sales,Manager,poppy.mahmud94@yahoo.com,194283000,Dhaka,Bangladesh,8/9/2021,107415,actve
EMP11409,Momtaz Karim,39,M,Administration,Senior Officer,momtaz.karim46@yahoo.com,1080314738,Dhaka,Bangladesh,,-139629,Suspended
EMP10606,Rashed Khatun,37,Male,IT,Associate,rashed.khatun61@gmail.com,1457539507,Bogura,Bangladesh,,,
EMP11347,Alamgir Molla,42,male,Human Resources,Head of Department,alamgir.molla71@gmail.com,1133848582,Sylhet,BD,17-07-2015,90673,inactive
EMP10515,Shathi Karim,27,female,Human Resources,Officer,shathi.karim42gmail.com,1284593873,Dhaka,Bangladesh,2/1/2019,116747,Inactive
EMP11399,Ruma Siddiqua,41,F,markting,Executive,ruma.siddiqua49@outlook.com,,Mymensingh,Bangladesh,9/10/2020,118020,actve
EMP10357,Bashir Talukder,30,Male,Marketing,Assistant Manager,bashir.talukder83@outlook.com,1242950064,Comilla,Bangladesh,8/4/2019,48806,ACTIVE
EMP11334,Dilruba Khatun,32,Male,Operations,Junior Executive,dilruba.khatun55@outlook.com,1811132691,Dhaka,Bangladesh,11/21/2017,-55580,On Leave
EMP10376,Momtaz Akter,31,male,Operations,Associate,momtaz.akter34@outlook.com,1091243389,Barisal,Bangladesh,6/25/2017,,pending
EMP10141,Kabir Uddin,27,FEMALE,Quality Assurance,Coordinator,kabir.uddin30@outlook.com,1191938651,Gazipur,BD,9/6/2022,-95668,onleave
EMP10983,  Marzia   Sarker  ,,M,Administration,Executive,marzia.sarker53@outlook.com,1558857993,Mymensingh,Bangladesh,19-09-2018,121053,inactive
EMP10227,Alamgir Khan,,M,Finance,Officer,alamgir.khan64@yahoo.com,1922929256,Chattogram,Bangladesh,18/05/2019,,actve
EMP10114,  Nasrin   Talukder  ,,male,Logistics,Deputy Manager,nasrin.talukder34@gmail.com,1616138802,Gazipur,Bangladesh,4/24/2021,Not Provided,onleave
EMP11444,Farzana Parvin,38,M,Human Resources,Associate,farzana.parvin71@outlook.com,1947518445,Gazipur,Bangladesh,15/07/2024,45224,On Leave
EMP10045,Kawsar Hossain,50,M,Customer Support,Analyst,kawsar.hossain17@yahoo.com,,Narayanganj,bangladesh,1/27/2020,73707,in-active
EMP10696,Farzana Mahmud,54,Female,Research & Development,Manager,farzana.mahmud64@outlook.com,,Bogura,Bangladesh,5/11/2020,36469,Inactive
EMP11086,Arif Karim,32,MALE,Sales,Executive,arif.karim86@outlook.com,,Chattogram,Bangladesh,16/09/2015,-75613,onleave
EMP10115,Sadia Siddiqua,28,male,Customer Support,Analyst,,1633761852,Mymensingh,Bangladesh,5/19/2022,113107,pending
EMP10997,Imran Uddin,34,female,Legal Affairs,Senior Executive,imran.uddin51@yahoo.com,186561020,Dhaka,Bangladesh,1/7/2017,125997,onleave
EMP10238,Wasim Mahmud,32,F,Administration,Associate,wasim.mahmud54@gmail.com,108902570,Bogura,Bangladesh,8/3/2017,56967,ACTIVE
EMP10389,Nasrin Mollah,23,female,HR,Senior Officer,nasrin.mollah76gmail.com,1136595261,Sylhet,Bangladesh,7/12/2023,,On Leave
EMP10324,Faruk Chowdhury,27,Male,sales,Senior Officer,faruk.chowdhury73@gmail.com,1630079761,Chattogram,BD,,-81835,onleave
EMP10006,Jamal Sultana,n/a,MALE,IT,Junior Executive,jamal.sultana95@yahoo.com,1526582961,Dhaka,Bangladesh,23/06/2022,93852,actve
EMP11338,Ruma Begum,40,F,sales,Executive,ruma.begum68@yahoo.com,1494229188,Sylhet,Bangladesh,12/6/2019,N/A,active
EMP10685,Shakil Chowdhury,53,FEMALE,Sales,Associate,shakil.chowdhury48@outlook.com,1455845185,Gazipur,Bangladesh,5/25/2022,,inactive
EMP11327,Afroza Sarker,52,female,Human Resources,Executive,afroza.sarker32@@outlook.com,1857002346,Mymensingh,bangladesh,31/02/2023,90643,actve
EMP10133,Anisur Haque,55,M,logisitcs,Senior Executive,anisur.haque61@yahoo.com,1636358766,Mymensingh,BD,22-02-2024,88069,Inactive
EMP10161,Shahana Siddiqua,38,M,Operations,Executive,shahana.siddiqua51@@outlook.com,Not Available,Dhaka,Bangladesh,2/4/2016,113689,Suspended
EMP11214,  Afroza   Chowdhury  ,54,Female,sales,Analyst,afroza.chowdhury54@@yahoo.com,1894824869,Chattogram,Bangladesh,6/3/2020,-83813,On Leave
EMP11351,Nasrin Rana,45,M,IT,Senior Officer,nasrin.rana4@yahoo.com,1237812103,Rajshahi,Bangladesh,2/12/2017,22642,Inactive
EMP11276,Delwar Haque,54,M,Human Resources,Assistant Manager,delwar.haque68@gmail.com,1693217162,Comilla,Bangladesh,,60803,actve
EMP10603,Afroza Molla,N/A,Woman,Finance,Senior Officer,afroza.molla22@gmail.com,1710895535,Barisal,Bangladesh,26-06-2018,32869,inactive
EMP10281,Shirina Sultana,,female,Marketing,Analyst,shirina.sultana93@gmail.com,1193900130,Comilla,BD,24-03-2025,89907,actve
EMP10084,Faruk Bhuiyan,44,FEMALE,Finance,Coordinator,faruk.bhuiyan4@outlook.com,1935006871,Khulna,Bangladesh,8/9/2023,129065,Active
EMP10421,Ruma Ali,24,Male,Finance,Senior Officer,ruma.ali37@gmail.com,1557341543,Rangpur,bangladesh,8/28/2018,33092,Pending
EMP10560,Shirin Parvin,38,Man,Customer Support,Officer,shirin.parvin5@@outlook.com,185318203,Barisal,BD,17/06/2021,-75076,in-active
EMP10911,Anwar Sultana,thirty two,male,Administration,Analyst,anwar.sultana42@yahoo.com,155303829,Bogura,BD,9/9/2019,-106227,Pending
EMP11077,Bashir Mollah,21,FEMALE,Operations,Executive,bashir.mollah90@gmail.com,1421543812,Mymensingh,Bangladesh,6/9/2022,N/A,in-active
EMP11028,Karim Bhuiyan,29,Male,markting,Associate,karim.bhuiyan73@gmail.com,133866665,Mymensingh,Bangladesh,5/16/2016,118218,Inactive
EMP10836,Jannatul Biswas,,Woman,Innovation Lab,Officer,jannatul.biswas91@outlook.com,1499249649,Rajshahi,Bangladesh,2/8/2018,,Active
EMP10236,Shirin Mahmud,thirty two,Man,fin,Executive,shirin.mahmud78@gmail.com,1353537774,Khulna,BD,10/7/2020,50787,INACTIVE
EMP11333,Tanvir Miah,25,MALE,Quality Assurance,Team Lead,tanvir.miah95@gmail.com,1261009743,Dhaka,bangladesh,23-09-2025,140964,
EMP10729,Ruma Biswas,32,,Operations,Executive,ruma.biswas37@yahoo.com,1141173103,Sylhet,Bangladesh,12/7/2024,Not Available,On Leave
EMP10807,Faruk Chowdhury,33,male,IT,Associate,faruk.chowdhury81@yahoo.com,1394570371,Comilla,Bangladesh,2/4/2025,44570,onleave
EMP11098,Rehana Miah,27,Man,Sales,Executive,rehana.miah56outlook.com,1804661585,Chattogram,bangladesh,15/10/2015,117732,actve
EMP10857,Nasrin Khan,,female,Administration,Senior Executive,nasrin.khan39@outlook.com,1156908470,Gazipur,BD,5/5/2017,41999,Pending
EMP10757,Faruk Bhuiyan,56,FEMALE,Operations,Assistant Manager,,1987219127,Dhaka,Bangladesh,16/01/2022,78923,INACTIVE
EMP10899,Dilruba Bhuiyan,35,FEMALE,hr,Deputy Manager,dilruba.bhuiyan51@outlook.com,1168183689,Mymensingh,Bangladesh,12/19/2016,52642,ACTIVE
EMP10716,Rina Siddiqua,,F,Sales,Executive,rina.siddiqua84@yahoo.com,113144657,Comilla,Bangladesh,5/5/2016,106266,
EMP10517,Mahfuz Karim,41,female,Customer Support,Team Lead,mahfuz.karim54@gmail.com,1828775063,Narayanganj,Bangladesh,13/03/2018,,Pending
EMP10586,Hasan Uddin,48,F,Operations,Coordinator,hasan.uddin53@@gmail.com,1966489560,Narayanganj,Bangladesh,4/2/2018,-132255,On Leave
EMP10913,  Afroza   Akter  ,52,Female,Administration,Analyst,afroza.akter40@outlook.com,102183834,Sylhet,Bangladesh,15-09-2020,64197,Inactive
EMP11412,  Sohel   Mollah  ,26,Man,Marketing,Deputy Manager,sohel.mollah53@gmail.com,1558968919,Gazipur,Bangladesh,,108733,pending
EMP10732,Dilruba Sarker,52,,HR,Team Lead,dilruba.sarker90@outlook.com,1396435755,Rangpur,Bangladesh,7/5/2024,61520,actve
EMP11204,Arif Alam,37,male,ops,Senior Executive,,1405494919,Comilla,Bangladesh,14/09/2025,,Active
EMP11489,Zahid Sultana,54,Woman,Customer Support,Associate,zahid.sultana19outlook.com,1425125864,Dhaka,Bangladesh,28/12/2017,132336,inactive
EMP10425,Meherun Karim,58,MALE,Operations,Manager,,1563533962,Rangpur,Bangladesh,10/16/2022,123311,On Leave
EMP11466,Habibur Pramanik,58,MALE,Operations,Associate,habibur.pramanik93@outlook.com,1584869379,Narayanganj,Bangladesh,,-134489,INACTIVE
EMP10590,Jamal Rana,25,Man,support,Senior Executive,jamal.rana78@gmail.com,1210724128,Gazipur,Bangladesh,10/12/2025,127411,ACTIVE
EMP11288,Shakil Mahmud,n/a,Female,logisitcs,Associate,shakil.mahmud84@yahoo.com,1314339427,Dhaka,Bangladesh,12/6/2022,149036,onleave
EMP10204,  Golam   Chowdhury  ,24,FEMALE,Administration,Senior Officer,golam.chowdhury43@yahoo.com,,Rangpur,Bangladesh,10/3/2022,-83025,active
EMP10777,Marzia Islam,43,FEMALE,Human Resources,Analyst,marzia.islam81@gmail.com,1837181343,Gazipur,Bangladesh,10/11/2022,108154,inactive
EMP10874,Rowshan Rana,24,Woman,admin,Officer,rowshan.rana65@gmail.com,1940116230,Barisal,Bangladesh,28/12/2016,30524,pending
EMP11306,Hasan Hossain,51,M,Operations,Associate,hasan.hossain28outlook.com,1880850255,Dhaka,Bangladesh,5/12/2022,63264,pending
EMP10167,Yusuf Pramanik,51,FEMALE,Human Resources,Senior Officer,yusuf.pramanik91@gmail.com,1318536121,Rangpur,Bangladesh,1/24/2019,79983,in-active
EMP11351,Nasrin Rana,45,M,IT,Senior Officer,nasrin.rana4@yahoo.com,1237812103,Rajshahi,Bangladesh,2/12/2017,22642,Inactive
EMP10864,Ruma Ali,46,male,Finance,Analyst,ruma.ali25@yahoo.com,1156589236,Sylhet,Bangladesh,13-01-2024,53895,
EMP10786,Delwar Miah,42,MALE,Logistics,Head of Department,delwar.miah88@outlook.com,1027364196,Rangpur,Bangladesh,25/02/2019,116214,ACTIVE
EMP10290,Bashir Miah,25,Male,Operations,Deputy Manager,bashir.miah65@gmail.com,1068280022,Mymensingh,Bangladesh,22-12-2015,95662,in-active
EMP11447,Momtaz Miah,40,M,Marketing,Senior Officer,momtaz.miah98@outlook.com,1936811719,Gazipur,Bangladesh,6/25/2025,136253,actve
EMP11232,Jamal Hossain,,FEMALE,Research & Development,Head of Department,jamal.hossain53@gmail.com,182397859,Rangpur,Bangladesh,,Not Provided,actve
EMP10846,Mamun Rahman,35,Male,markting,Analyst,mamun.rahman23@outlook.com,,Comilla,Bangladesh,11/17/2015,132242,INACTIVE
EMP11180,Tahmina Miah,57,M,support,Junior Executive,tahmina.miah67@gmail.com,1630870195,Bogura,Bangladesh,9/12/2019,N/A,actve
EMP11099,Rupa Bhuiyan,,,Research & Development,Head of Department,rupa.bhuiyan79@gmail.com,1439112075,Dhaka,Bangladesh,9/9/2024,134109,On Leave
EMP10897,Mamun Biswas,53,M,Logistics,Senior Executive,mamun.biswas13@gmail.com,1530011287,Bogura,Bangladesh,6/21/2015,33995,active
EMP11242,Sohel Islam,52,F,Procurement,Executive,sohel.islam11@outlook.com,1539046631,Barisal,bangladesh,,29501,INACTIVE
EMP10856,Rafiq Karim,,Woman,Operations,Junior Executive,rafiq.karim50@yahoo.com,1398775003,Mymensingh,Bangladesh,,Not Available,On Leave
EMP11500,Delwar Uddin,48,M,Customer Support,Head of Department,delwar.uddin13@outlook.com,1054931901,Khulna,Bangladesh,,67294,Inactive
EMP11115,Rehana Parvin,57,FEMALE,Quality Assurance,Officer,rehana.parvin38@yahoo.com,1659292767,Mymensingh,bangladesh,9/22/2025,146700,
EMP10811,Nasrin Parvin,49,M,HR,Junior Executive,nasrin.parvin41@yahoo.com,1723401521,Rangpur,Bangladesh,7/5/2015,51211,actve
EMP11216,Rehana Sheikh,29,MALE,IT,Associate,rehana.sheikh8@yahoo.com,188858705,Narayanganj,Bangladesh,8/17/2016,56361,pending
EMP10470,Mahfuz Talukder,40,Male,Marketing,Head of Department,mahfuz.talukder91@gmail.com,,Khulna,Bangladesh,8/10/2024,85844,INACTIVE
EMP11051,Delwar Parvin,,Woman,Operations,Senior Officer,delwar.parvin31@yahoo.com,,Rangpur,Bangladesh,3/13/2015,-94301,Active
EMP10363,Rupa Mollah,58,female,fin,Head of Department,rupa.mollah63@outlook.com,1345966079,Sylhet,Bangladesh,5/26/2022,46913,in-active
EMP10710,Rina Khan,42,Male,Operations,Manager,rina.khan99@yahoo.com,1944272160,Dhaka,bangladesh,11/4/2017,88910,pending
EMP10735,Dilruba Alam,36,Female,admin,Officer,dilruba.alam87gmail.com,,Comilla,Bangladesh,3/8/2017,148344,active
EMP10333,Rehana Ahmed,36,Woman,Customer Support,Analyst,rehana.ahmed59@yahoo.com,1679283700,Sylhet,bangladesh,5/21/2022,35979,Pending
EMP10632,Habibur Parvin,-,Female,Quality Assurance,Executive,habibur.parvin14@yahoo.com,1113427686,Sylhet,Bangladesh,22/01/2024,-105829,Active
EMP10160,Nasrin Ahmed,38,FEMALE,sales,Coordinator,nasrin.ahmed34@outlook.com,1853867222,Comilla,Bangladesh,,74511,Inactive
EMP10369,Nasir Parvin,27,M,Administration,Manager,nasir.parvin92@yahoo.com,,Dhaka,Bangladesh,5/2/2016,63286,Active
EMP11384,  Wasim   Parvin  ,25,male,Marketing,Coordinator,wasim.parvin19@yahoo.com,Not Available,Narayanganj,Bangladesh,6/7/2020,40817,Inactive
EMP10414,Anwar Ali,21,Female,Finance,Junior Executive,anwar.ali59outlook.com,1400593421,Rajshahi,Bangladesh,15-08-2022,37120,actve
EMP11000,Zahid Chowdhury,43,Female,IT,Analyst,zahid.chowdhury65@gmail.com,147445212,Comilla,Bangladesh,5/8/2018,-136531,ACTIVE
EMP10534,Rubel Alam,twenty five,Female,I.T.,Coordinator,rubel.alam37@outlook.com,141346049,Sylhet,Bangladesh,,120808,actve
EMP10241,Karim Rahman,42,FEMALE,IT,Officer,karim.rahman19@yahoo.com,1264613349,Barisal,Bangladesh,,103418,
EMP11019,Fatima Biswas,54,male,Administration,Associate,fatima.biswas25@@yahoo.com,1586928821,Rangpur,Bangladesh,19-06-2022,89987,inactive
EMP10447,Sajib Mollah,24,MALE,IT,Executive,sajib.mollah15@yahoo.com,1060371855,Narayanganj,Bangladesh,9/9/2019,85881,On Leave
EMP11475,Nasima Ali,unknown,Man,hr,Senior Executive,nasima.ali21@yahoo.com,1895518939,Khulna,Bangladesh,12/12/2022,103348,Pending
EMP10990,Kawsar Alam,34,Woman,IT,Officer,kawsar.alam80@outlook.com,1837784625,Bogura,Bangladesh,16-07-2015,N/A,pending
EMP11467,Fatima Rahman,22,Woman,admin,Senior Officer,fatima.rahman77@outlook.com,1712592400,Sylhet,Bangladesh,11/4/2023,43848,onleave
EMP10009,Bashir Miah,,M,Finance,Coordinator,,1595354572,Khulna,bangladesh,6/27/2025,26776,inactive
EMP10469,Sadia Karim,,Male,Operations,Senior Executive,sadia.karim27@@gmail.com,1459676247,Rajshahi,Bangladesh,18/05/2025,124020,Active
EMP10372,Sajib Rahman,58,Male,Logistics,Team Lead,,1448588821,Dhaka,Bangladesh,,33967,INACTIVE
EMP11205,Tanvir Haque,25,male,Sales,Manager,tanvir.haque68outlook.com,1353312031,Bogura,Bangladesh,10/11/2025,38223,Inactive
EMP11173,Yusuf Akter,thirty two,Female,sales,Junior Executive,yusuf.akter50@gmail.com,1667609312,Khulna,Bangladesh,20/09/2023,44330,inactive
EMP11238,Tahmina Islam,39,Woman,Administration,Analyst,tahmina.islam78@outlook.com,1986125331,Narayanganj,Bangladesh,10/17/2025,42373,in-active
EMP11056,Chaity Mollah,thirty two,MALE,Logistics,Associate,chaity.mollah17@outlook.com,1938548600,Dhaka,Bangladesh,12/13/2017,131629,Inactive
EMP11283,Karim Rahman,55,Man,Human Resources,Senior Executive,karim.rahman35@gmail.com,1851050380,Mymensingh,Bangladesh,24/10/2016,108999,On Leave
EMP10564,Fatima Miah,24,female,admin,Associate,fatima.miah64@yahoo.com,1224933221,Rajshahi,Bangladesh,20/10/2019,unknown,Inactive
EMP10228,Salma Rana,,F,Administration,Deputy Manager,salma.rana56@yahoo.com,1161970523,Barisal,bangladesh,10/25/2015,92078,Pending
EMP11221,Hasan Islam,34,female,logisitcs,Manager,hasan.islam50@gmail.com,1126761100,Rajshahi,BD,12/10/2021,77679,onleave
EMP11396,Sadia Mahmud,34,Woman,support,Senior Officer,sadia.mahmud57@gmail.com,1858780893,Narayanganj,Bangladesh,3/7/2021,54672,
EMP11143,Nasima Mahmud,35,female,Operations,Team Lead,nasima.mahmud34@outlook.com,1742628582,Narayanganj,Bangladesh,1/15/2023,-120466,active
EMP10915,Hasan Mollah,23,Female,Finance,Deputy Manager,hasan.mollah15@yahoo.com,Not Available,Narayanganj,Bangladesh,7/14/2025,121616,actve
EMP11011,Mamun Khatun,25,female,Sales,Team Lead,mamun.khatun10@@gmail.com,1152873598,Gazipur,Bangladesh,17/05/2022,96159,Suspended
EMP11227,Tanvir Ahmed,45,male,IT,Team Lead,tanvir.ahmed29@yahoo.com,1920190203,Gazipur,Bangladesh,2/20/2024,102241,Pending
EMP10083,Rahim Chowdhury,57,male,Logistics,Officer,rahim.chowdhury47@yahoo.com,1732373574,Mymensingh,Bangladesh,31/02/2023,43856,inactive
EMP11014,Parveen Ahmed,unknown,F,Marketing,Junior Executive,parveen.ahmed1@gmail.com,1300672555,Mymensingh,Bangladesh,18/02/2024,37016,
EMP11008,Imran Hossain,38,Woman,hr,Associate,,,Gazipur,Bangladesh,7/2/2017,67123,Inactive
EMP10479,Shirina Uddin,48,MALE,Administration,Junior Executive,shirina.uddin56@outlook.com,1414597837,Mymensingh,Bangladesh,2/11/2017,-148258,active
EMP10640,Parveen Ahmed,33,Male,ops,Manager,parveen.ahmed56@gmail.com,1226061497,Khulna,BD,5/19/2022,-42182,actve
EMP10958,Golam Pramanik,48,MALE,IT,Assistant Manager,golam.pramanik34@gmail.com,1476160869,Khulna,Bangladesh,1/26/2019,116205,On Leave
EMP10008,Roksana Ahmed,49,FEMALE,HR,Head of Department,roksana.ahmed93@gmail.com,,Barisal,Bangladesh,21/10/2025,143194,Inactive
EMP10304,Momtaz Ali,30,F,Procurement,Coordinator,momtaz.ali34@gmail.com,1156195269,Mymensingh,Bangladesh,11/4/2016,-40660,Active
EMP10682,Ashraf Sultana,58,female,Research & Development,Junior Executive,ashraf.sultana58@@outlook.com,175412742,Dhaka,bangladesh,5/4/2015,135691,onleave
EMP11416,Farzana Akter,59,male,Research & Development,Deputy Manager,farzana.akter30@yahoo.com,1500542810,Narayanganj,BD,23/03/2021,,pending
EMP10247,Tania Begum,,female,Administration,Head of Department,tania.begum63@gmail.com,Not Available,Khulna,Bangladesh,12/13/2016,,Inactive
EMP10317,Shakil Karim,31,Male,IT,Junior Executive,shakil.karim4@yahoo.com,Not Available,Rangpur,Bangladesh,31/02/2023,-52927,onleave
EMP10754,Alamgir Akter,41,FEMALE,Finance,Executive,alamgir.akter94@gmail.com,1615131144,Rajshahi,Bangladesh,6/5/2019,110336,onleave
EMP10095,Anwar Sarker,41,M,fin,Manager,anwar.sarker24@yahoo.com,1579619321,Chattogram,Bangladesh,23-09-2015,74314,actve
EMP10097,Tarek Parvin,41,male,Quality Assurance,Associate,tarek.parvin64@gmail.com,1614318682,Dhaka,BD,6/26/2022,132344,onleave
EMP10981,  Delwar   Islam  ,,FEMALE,Human Resources,Junior Executive,delwar.islam80@gmail.com,133349319,Mymensingh,Bangladesh,8/1/2024,140325,actve
EMP10058,Nasrin Siddiqua,58,,IT,Senior Officer,nasrin.siddiqua14@outlook.com,1138431662,Barisal,Bangladesh,,-43354,INACTIVE
EMP10722,Dilruba Akter,49,Female,Administration,Senior Executive,dilruba.akter65@@outlook.com,1771935247,Khulna,Bangladesh,1/21/2018,,inactive
EMP10293,Zahid Rana,,male,Human Resources,Senior Officer,zahid.rana47@outlook.com,1859889842,Mymensingh,Bangladesh,5/16/2019,104922,onleave
EMP10007,Habibur Siddiqua,46,FEMALE,IT,Junior Executive,habibur.siddiqua19@outlook.com,1017211759,Gazipur,Bangladesh,2/9/2016,121536,INACTIVE
EMP10254,Fatima Bhuiyan,55,Woman,Research & Development,Assistant Manager,fatima.bhuiyan5@yahoo.com,,Bogura,bangladesh,8/6/2015,128611,Suspended
EMP11436,Habibur Miah,40,,Operations,Associate,habibur.miah79@yahoo.com,1581005934,Rangpur,Bangladesh,4/3/2015,24083,Active
EMP10936,Parveen Haque,35,male,Customer Support,Analyst,parveen.haque84@@outlook.com,1867997764,Chattogram,Bangladesh,,124340,Active
EMP10457,Golam Khatun,30,Female,HR,Coordinator,golam.khatun88@gmail.com,149496290,Narayanganj,Bangladesh,8/11/2021,,On Leave
EMP11044,Fatima Parvin,48,FEMALE,Logistics,Junior Executive,fatima.parvin91@gmail.com,Not Available,Sylhet,Bangladesh,6/13/2015,62009,actve
EMP10386,Faruk Chowdhury,59,M,Research & Development,Executive,faruk.chowdhury35@outlook.com,1709070920,Rajshahi,bangladesh,31/02/2023,101508,onleave
EMP11478,Nasir Alam,39,F,Logistics,Senior Officer,nasir.alam32@gmail.com,1724456235,Bogura,Bangladesh,23-10-2015,32951,Inactive
EMP10830,Nazmul Haque,40,FEMALE,Administration,Team Lead,,1597950254,Rangpur,Bangladesh,11/12/2023,136171,active
EMP11292,Delwar Sarker,42,Female,Customer Support,Head of Department,,,Khulna,Bangladesh,5/12/2018,N/A,INACTIVE
EMP10880,Rina Haque,thirty two,MALE,HR,Associate,rina.haque24@outlook.com,1437851576,Dhaka,BD,12/3/2025,24836,Pending
EMP10840,Chaity Pramanik,,Male,IT,Analyst,chaity.pramanik55@outlook.com,1662899502,Sylhet,Bangladesh,28-07-2018,120083,On Leave
EMP11272,Salma Khan,38,Man,Customer Support,Associate,salma.khan35@yahoo.com,1571719182,Comilla,Bangladesh,,65842,Active
EMP11005,Kamal Chowdhury,55,male,HR,Assistant Manager,kamal.chowdhury5gmail.com,1458021617,Mymensingh,Bangladesh,14/02/2020,57170,pending
EMP10954,Shirina Khatun,47,FEMALE,Finance,Senior Executive,,1967793886,Bogura,Bangladesh,11/24/2025,118672,
EMP10046,Rafiq Rahman,N/A,Male,Operations,Senior Officer,rafiq.rahman75@yahoo.com,1790403478,Chattogram,BD,6/26/2015,104288,ACTIVE
EMP10300,Tahmina Khan,23,female,Customer Support,Manager,tahmina.khan79@gmail.com,1213388848,Gazipur,Bangladesh,22-08-2017,134706,pending
EMP10944,Nadia Sheikh,55,F,Sales,Assistant Manager,nadia.sheikh50@yahoo.com,1830290274,Narayanganj,Bangladesh,7/17/2020,99891,Pending
EMP10080,  Habibur   Sheikh  ,twenty five,MALE,Sales,Senior Executive,habibur.sheikh39@@outlook.com,1037142270,Comilla,Bangladesh,7/9/2020,64919,actve
EMP10229,  Wasim   Mahmud  ,41,MALE,Customer Support,Deputy Manager,wasim.mahmud9@outlook.com,1266924960,Khulna,BD,11/6/2018,40684,in-active
EMP10318,Shathi Islam,54,M,Research & Development,Assistant Manager,shathi.islam70@yahoo.com,1352633447,Narayanganj,Bangladesh,12/28/2023,68820,ACTIVE
EMP10866,Mahfuz Parvin,twenty five,FEMALE,Procurement,Head of Department,mahfuz.parvin31@gmail.com,1596946023,Rangpur,Bangladesh,12/21/2016,,Pending
EMP10707,Chaity Mahmud,29,,Marketing,Associate,chaity.mahmud85@gmail.com,1243003255,Khulna,BD,7/7/2017,110116,Active
EMP10157,Ayesha Talukder,36,F,fin,Junior Executive,ayesha.talukder89@@yahoo.com,1814070132,Dhaka,Bangladesh,11/22/2023,,Suspended
EMP11448,Jamal Sarker,41,Woman,ops,Assistant Manager,jamal.sarker5yahoo.com,1327927410,Rajshahi,Bangladesh,7/24/2017,,INACTIVE
EMP10040,Rowshan Alam,30,FEMALE,Human Resources,Manager,rowshan.alam84yahoo.com,1601726071,Barisal,Bangladesh,3/14/2019,25831,in-active
EMP10020,Shathi Alam,43,Man,Sales,Senior Executive,,,Bogura,Bangladesh,8/2/2021,Not Available,On Leave
EMP11385,Lubna Sheikh,55,male,support,Junior Executive,lubna.sheikh52@yahoo.com,128860748,Narayanganj,Bangladesh,11/11/2024,-106608,pending
EMP10808,Kabir Mahmud,30,M,Legal Affairs,Manager,,1460332706,Mymensingh,Bangladesh,14-01-2024,143549,inactive
EMP10164,Golam Siddiqua,57,female,Operations,Team Lead,golam.siddiqua22@gmail.com,172009728,Khulna,Bangladesh,,133934,in-active
EMP10795,Hasan Rana,33,,Operations,Manager,hasan.rana93@outlook.com,1351373591,Bogura,bangladesh,9/3/2024,Not Available,pending
EMP10458,  Momtaz   Uddin  ,57,Woman,Marketing,Officer,momtaz.uddin86@outlook.com,1186692325,Chattogram,Bangladesh,31/02/2023,43670,On Leave
EMP10728,Marzia Khan,59,female,Administration,Executive,,1833308981,Chattogram,BD,14/02/2018,130539,onleave
EMP10996,Iqbal Hossain,34,male,Marketing,Coordinator,,1039356682,Dhaka,Bangladesh,5/11/2021,143641,INACTIVE
EMP10624,Nurjahan Khatun,34,MALE,Legal Affairs,Team Lead,nurjahan.khatun82@outlook.com,1573570747,Chattogram,Bangladesh,12/25/2019,Not Available,Active
EMP10492,Rowshan Islam,27,FEMALE,HR,Deputy Manager,rowshan.islam39@yahoo.com,1810932121,Comilla,Bangladesh,11/22/2023,96172,pending
EMP11485,Arif Haque,,Man,markting,Officer,arif.haque73@outlook.com,1662921832,Comilla,Bangladesh,6/5/2023,140791,active
EMP10667,Roksana Rana,,MALE,Logistics,Team Lead,roksana.rana28@yahoo.com,1007205753,Gazipur,Bangladesh,8/11/2024,71110,Pending
EMP11446,Shakil Islam,56,MALE,Customer Support,Junior Executive,shakil.islam92@yahoo.com,1610228537,Sylhet,Bangladesh,25/04/2020,-115917,Pending
EMP10359,Ayesha Alam,32,Male,Customer Support,Assistant Manager,ayesha.alam22@outlook.com,1819919717,Chattogram,Bangladesh,1/3/2024,-37720,active
EMP10203,  Chaity   Karim  ,41,Woman,IT,Deputy Manager,chaity.karim65@@yahoo.com,1937434568,Bogura,Bangladesh,3/12/2020,29331,Inactive
EMP11088,Firoz Sheikh,25,Female,Sales,Manager,firoz.sheikh22@gmail.com,199764659,Gazipur,Bangladesh,1/11/2021,unknown,INACTIVE
EMP11472,Fatima Alam,28,M,Marketing,Deputy Manager,fatima.alam40@yahoo.com,,Khulna,Bangladesh,12/11/2023,-121203,Active
EMP11389,Parveen Akter,32,M,IT,Senior Executive,parveen.akter28@gmail.com,1126635312,Gazipur,Bangladesh,8/23/2020,108148,Active
EMP10476,Shirin Rana,29,Man,Customer Support,Team Lead,shirin.rana95@gmail.com,1889463839,Dhaka,Bangladesh,7/12/2015,144764,On Leave
EMP11156,Kawsar Biswas,53,,Quality Assurance,Analyst,kawsar.biswas87@gmail.com,1351579096,Dhaka,Bangladesh,12/8/2017,58159,in-active
EMP10868,Jamal Ali,,F,IT,Junior Executive,jamal.ali37@gmail.com,1854530615,Chattogram,Bangladesh,8/5/2016,133401,inactive
EMP11342,Mahfuz Uddin,unknown,F,Operations,Senior Officer,mahfuz.uddin3@gmail.com,1746847826,Gazipur,Bangladesh,4/27/2016,,On Leave
EMP11362,  Shahana   Miah  ,twenty five,M,ops,Head of Department,shahana.miah69@outlook.com,1703795156,Chattogram,Bangladesh,,144612,Pending
EMP10487,Alamgir Sultana,,male,Administration,Analyst,alamgir.sultana42yahoo.com,1283556813,Mymensingh,Bangladesh,,61972,inactive
EMP10604,Rowshan Miah,-,Female,IT,Deputy Manager,rowshan.miah26@outlook.com,1030156676,Sylhet,Bangladesh,14/09/2015,116537,onleave
EMP10458,  Momtaz   Uddin  ,57,Woman,Marketing,Officer,momtaz.uddin86@outlook.com,1186692325,Chattogram,Bangladesh,31/02/2023,43670,On Leave
EMP10361,Karim Siddiqua,26,Male,Human Resources,Senior Executive,karim.siddiqua65@@gmail.com,,Mymensingh,Bangladesh,7/25/2017,-32793,Active
EMP10122,Kamal Pramanik,32,M,Customer Support,Manager,kamal.pramanik99@gmail.com,1804860231,Dhaka,Bangladesh,3/16/2016,,On Leave
EMP10428,Dilruba Miah,30,M,Customer Support,Officer,dilruba.miah13@gmail.com,1286553726,Comilla,Bangladesh,,85002,active
EMP10319,Shirin Molla,25,FEMALE,Finance,Senior Officer,shirin.molla79@yahoo.com,,Barisal,Bangladesh,8/8/2019,49669,in-active
EMP10835,Afroza Khatun,24,Male,IT,Executive,,1076649258,Khulna,Bangladesh,7/6/2017,52059,
EMP11410,Marzia Khan,,MALE,logisitcs,Senior Officer,marzia.khan51@outlook.com,1222133113,Narayanganj,Bangladesh,3/11/2023,140971,ACTIVE
EMP10261,Tahmina Talukder,n/a,Man,ops,Officer,tahmina.talukder74@gmail.com,1877504784,Rangpur,BD,2/9/2022,124940,inactive
EMP11406,Rashed Pramanik,36,Female,Human Resources,Team Lead,rashed.pramanik10@yahoo.com,1741723791,Bogura,Bangladesh,31/02/2023,-55514,
EMP11050,Ashraf Begum,,Woman,Research & Development,Senior Executive,ashraf.begum10@outlook.com,1424684596,Gazipur,Bangladesh,6/7/2018,124304,onleave
EMP10568,Shakil Molla,,Man,Operations,Executive,,1051784944,Narayanganj,Bangladesh,10/9/2021,113480,INACTIVE
EMP10482,Hasan Alam,46,Woman,IT,Executive,hasan.alam32@yahoo.com,157454333,Narayanganj,bangladesh,11/2/2015,24347,in-active
EMP11299,Kawsar Rana,37,,Sales,Assistant Manager,kawsar.rana79@yahoo.com,1997375593,Sylhet,Bangladesh,5/16/2022,128648,onleave
EMP10432,Golam Pramanik,26,Female,Human Resources,Analyst,golam.pramanik81@outlook.com,1322475513,Sylhet,Bangladesh,24-05-2020,37270,active
EMP10809,Lubna Chowdhury,50,FEMALE,Administration,Team Lead,lubna.chowdhury4@yahoo.com,1343105263,Gazipur,Bangladesh,20/12/2017,115253,in-active
EMP10587,  Rubel   Alam  ,41,Man,hr,Team Lead,rubel.alam96@yahoo.com,1940077073,Narayanganj,bangladesh,7/14/2019,31826,Active
EMP10759,Shahana Biswas,28,M,Finance,Manager,shahana.biswas48@yahoo.com,1016828764,Comilla,Bangladesh,,,Pending
EMP10499,Sohel Ali,48,MALE,Customer Support,Coordinator,sohel.ali71@gmail.com,1578492090,Chattogram,Bangladesh,22-09-2017,36552,Inactive
EMP10695,Nasima Akter,57,FEMALE,Human Resources,Junior Executive,nasima.akter66@outlook.com,162580904,Dhaka,Bangladesh,1/2/2017,-40190,active
EMP10070,Rafiq Haque,44,Woman,Legal Affairs,Analyst,rafiq.haque72@@gmail.com,Not Available,Khulna,Bangladesh,4/1/2018,,inactive
EMP10088,Momtaz Uddin,,Female,Finance,Analyst,momtaz.uddin45@@gmail.com,1924874590,Barisal,Bangladesh,11/27/2021,67875,in-active
EMP10266,Shirina Akter,46,MALE,Customer Support,Deputy Manager,shirina.akter17@yahoo.com,1823629086,Barisal,Bangladesh,11/27/2020,81584,actve
EMP11389,Parveen Akter,32,M,IT,Senior Executive,parveen.akter28@gmail.com,1126635312,Gazipur,Bangladesh,8/23/2020,108148,Active
EMP10790,Shirin Hossain,49,Woman,Finance,Senior Executive,shirin.hossain85@gmail.com,1935169120,Gazipur,Bangladesh,1/1/2025,69155,Active
EMP10671,Ashraf Rahman,46,Female,ops,Team Lead,ashraf.rahman1@@gmail.com,1558314799,Rajshahi,Bangladesh,20-08-2020,24600,INACTIVE
EMP10780,Ayesha Siddiqua,54,FEMALE,Research & Development,Senior Executive,ayesha.siddiqua53@gmail.com,137759375,Barisal,Bangladesh,2/5/2018,,On Leave
EMP10803,Sultana Biswas,59,F,Sales,Coordinator,sultana.biswas19@gmail.com,1252625412,Sylhet,Bangladesh,9/16/2015,146765,Inactive
EMP11152,Golam Ahmed,33,M,IT,Senior Executive,golam.ahmed43@@outlook.com,,Comilla,Bangladesh,17/09/2021,78207,pending
EMP10599,Nurjahan Begum,45,F,hr,Officer,nurjahan.begum28@yahoo.com,1541856861,Bogura,BD,12/11/2022,113601,Suspended
EMP10456,Hasan Akter,25,Woman,logisitcs,Manager,hasan.akter82yahoo.com,1979341416,Barisal,Bangladesh,8/5/2019,-22674,onleave
EMP10368,Jamal Molla,38,Woman,Logistics,Senior Executive,,1493793077,Barisal,Bangladesh,1/1/2020,115043,pending
EMP11325,Rafiq Miah,23,Female,Administration,Senior Executive,rafiq.miah63@outlook.com,,Barisal,Bangladesh,13-07-2024,106394,actve
EMP11269,Salma Karim,21,M,Logistics,Executive,salma.karim60@gmail.com,Not Available,Rajshahi,Bangladesh,,N/A,INACTIVE
EMP10609,  Faruk   Rana  ,thirty two,MALE,Research & Development,Coordinator,faruk.rana40@gmail.com,1750672880,Sylhet,Bangladesh,,58382,On Leave
EMP10179,Nadia Haque,29,Female,markting,Analyst,,1687211123,Rangpur,bangladesh,12/11/2024,57783,Suspended
EMP10217,Kamal Ali,56,FEMALE,Research & Development,Officer,kamal.ali13@gmail.com,136424352,Sylhet,bangladesh,11/15/2025,-42309,
EMP11375,Shakil Sarker,34,female,Business Intelligence,Executive,shakil.sarker33@outlook.com,1419947193,Bogura,BD,12/1/2016,-94982,On Leave
EMP11153,Rupa Bhuiyan,22,F,Sales,Associate,,1012049084,Dhaka,Bangladesh,11/3/2018,74127,Suspended
EMP11350,Nasrin Mahmud,,Male,Customer Support,Executive,nasrin.mahmud21@gmail.com,194766170,Barisal,Bangladesh,22/02/2018,70371,inactive
EMP10031,Lubna Ali,25,,hr,Senior Executive,lubna.ali65@gmail.com,1744277922,Mymensingh,Bangladesh,4/9/2023,40362,Suspended
EMP10370,Selim Rahman,44,M,ops,Analyst,selim.rahman4@outlook.com,Not Available,Mymensingh,Bangladesh,,101272,On Leave
EMP11145,Parveen Miah,51,MALE,IT,Senior Officer,parveen.miah44@yahoo.com,1337864970,Narayanganj,Bangladesh,11/1/2023,108125,onleave
EMP10519,Kawsar Islam,40,Man,Operations,Senior Executive,kawsar.islam30@gmail.com,1101385429,Bogura,Bangladesh,,N/A,inactive
EMP10832,Sajib Molla,47,Male,Human Resources,Officer,sajib.molla99@yahoo.com,1773169861,Chattogram,Bangladesh,3/7/2022,112237,Inactive
EMP10113,Kamal Hossain,37,male,ops,Assistant Manager,kamal.hossain96@gmail.com,1065878028,Bogura,Bangladesh,31/02/2023,33420,active
EMP11049,Lubna Talukder,42,FEMALE,IT,Senior Executive,lubna.talukder21@@gmail.com,190716624,Chattogram,Bangladesh,10/8/2025,23053,ACTIVE
EMP11274,Salma Rahman,44,M,ops,Deputy Manager,salma.rahman2@@gmail.com,186699442,Barisal,Bangladesh,27/09/2025,98784,Suspended
EMP10385,Golam Ali,51,Male,Procurement,Team Lead,golam.ali25@@gmail.com,188450719,Sylhet,Bangladesh,,147140,INACTIVE
EMP11263,Afroza Parvin,49,Woman,Research & Development,Officer,afroza.parvin2@@gmail.com,1277410854,Comilla,bangladesh,4/1/2015,,onleave
EMP10210,Nazmul Haque,21,MALE,ops,Manager,nazmul.haque11@gmail.com,1079506972,Comilla,Bangladesh,1/9/2016,89642,actve
EMP10424,Nadia Islam,twenty five,male,Finance,Officer,nadia.islam83@outlook.com,1753224396,Sylhet,Bangladesh,4/8/2018,119502,ACTIVE
EMP10870,Tarek Siddiqua,39,Female,IT,Executive,tarek.siddiqua3@@gmail.com,1870149181,Bogura,Bangladesh,8/18/2023,Not Provided,actve
EMP10852,Nadia Siddiqua,47,female,Sales,Senior Executive,nadia.siddiqua13@@outlook.com,Not Available,Rangpur,Bangladesh,11/27/2018,149874,Inactive
EMP10152,Rehana Sheikh,38,female,Sales,Officer,rehana.sheikh99@yahoo.com,1201998249,Mymensingh,Bangladesh,11/19/2025,-96923,actve
EMP10336,Kawsar Sarker,35,Female,Human Resources,Associate,kawsar.sarker37@yahoo.com,,Mymensingh,Bangladesh,2/25/2021,47515,Pending
EMP11119,Hasan Khatun,59,Female,Sales,Officer,hasan.khatun84@@gmail.com,113915152,Narayanganj,Bangladesh,3/4/2017,77166,INACTIVE
EMP10747,Jannatul Molla,thirty two,MALE,logisitcs,Deputy Manager,jannatul.molla47@@gmail.com,1408661335,Barisal,Bangladesh,5/12/2015,-103386,inactive
EMP10826,Golam Bhuiyan,23,Woman,Finance,Senior Officer,golam.bhuiyan59@yahoo.com,1639315760,Dhaka,Bangladesh,12/2/2015,36029,Active
EMP10879,  Nasrin   Islam  ,26,Woman,Sales,Senior Officer,nasrin.islam71@gmail.com,,Comilla,Bangladesh,3/19/2017,113053,INACTIVE
EMP10411,Rahim Ali,56,FEMALE,HR,Senior Executive,rahim.ali92@yahoo.com,133906024,Bogura,Bangladesh,,,INACTIVE
EMP10760,Bashir Pramanik,,M,Operations,Coordinator,bashir.pramanik58@outlook.com,,Rangpur,BD,4/3/2017,70299,
EMP10844,Selim Rana,21,female,Research & Development,Associate,selim.rana53@gmail.com,149589212,Rangpur,Bangladesh,28/06/2021,133876,Suspended
EMP10289,Tania Biswas,21,Male,Marketing,Head of Department,tania.biswas40@outlook.com,1919089279,Dhaka,Bangladesh,12/17/2023,129843,inactive
EMP10102,  Jannatul   Molla  ,56,Man,sales,Junior Executive,jannatul.molla37@outlook.com,1402725756,Rangpur,Bangladesh,31/02/2023,135136,inactive
EMP10019,  Jannatul   Karim  ,41,F,Logistics,Manager,jannatul.karim37@outlook.com,1735510448,Chattogram,Bangladesh,,Not Available,in-active
EMP11129,Momtaz Karim,57,male,Customer Support,Head of Department,momtaz.karim58@gmail.com,1624893873,Dhaka,Bangladesh,24-10-2019,140426,ACTIVE
EMP10829,Tanvir Bhuiyan,42,Female,Logistics,Senior Officer,tanvir.bhuiyan23@gmail.com,1487640862,Gazipur,bangladesh,23-08-2017,32192,Pending
EMP11293,Afroza Ali,27,M,Finance,Coordinator,afroza.ali42@yahoo.com,1169104236,Dhaka,Bangladesh,9/6/2023,65548,
EMP10041,Ruma Khan,40,Woman,Finance,Senior Officer,ruma.khan45@outlook.com,1014442530,Narayanganj,Bangladesh,8/3/2024,29515,Active
EMP11493,Roksana Sheikh,thirty two,Male,support,Executive,roksana.sheikh28@yahoo.com,,Barisal,Bangladesh,23-12-2020,27032,pending
EMP10876,Nasrin Siddiqua,26,M,Legal Affairs,Deputy Manager,,1412667176,Barisal,Bangladesh,11/14/2019,138783,actve
EMP11074,Imran Khan,58,M,IT,Head of Department,imran.khan4@outlook.com,1800223429,Narayanganj,Bangladesh,26/12/2025,120466,INACTIVE
EMP10966,Shathi Karim,30,Female,IT,Senior Officer,shathi.karim87@gmail.com,196671704,Rajshahi,Bangladesh,1/16/2022,-84675,active
EMP10488,Tanvir Sarker,35,FEMALE,ops,Assistant Manager,tanvir.sarker34@gmail.com,1500610347,Rangpur,Bangladesh,,97185,pending
EMP10853,Rashed Akter,48,F,Legal Affairs,Executive,rashed.akter31@gmail.com,1690314626,Dhaka,BD,3/27/2017,140077,INACTIVE
EMP11207,Alamgir Ali,30,Female,Quality Assurance,Officer,alamgir.ali46yahoo.com,1985251203,Barisal,Bangladesh,4/25/2016,-42841,Inactive
EMP10812,  Nasima   Chowdhury  ,58,Male,admin,Senior Officer,nasima.chowdhury4@yahoo.com,Not Available,Chattogram,Bangladesh,22-06-2024,144202,Inactive
EMP10960,Nurjahan Molla,49,Female,markting,Senior Executive,nurjahan.molla92@outlook.com,1121691775,Comilla,Bangladesh,1/10/2015,128687,active
EMP10642,Golam Sultana,32,M,Marketing,Team Lead,golam.sultana95@yahoo.com,1423538312,Rajshahi,Bangladesh,1/27/2017,47055,Active
EMP10329,Rubel Ahmed,24,MALE,Marketing,Officer,rubel.ahmed67@yahoo.com,1192012626,Mymensingh,Bangladesh,20-02-2025,69375,pending
EMP10150,  Farzana   Bhuiyan  ,40,Female,Logistics,Senior Executive,farzana.bhuiyan62@yahoo.com,1074826762,Khulna,Bangladesh,31/02/2023,Not Provided,Suspended
EMP10335,Rowshan Hossain,58,male,Finance,Executive,rowshan.hossain96@outlook.com,1896817625,Rangpur,Bangladesh,6/3/2015,37447,onleave
EMP10787,Chaity Sheikh,44,MALE,Human Resources,Team Lead,chaity.sheikh28@outlook.com,1204289897,Gazipur,Bangladesh,12/1/2017,123365,INACTIVE
EMP10392,Marzia Mollah,,Female,Operations,Assistant Manager,marzia.mollah11@gmail.com,1292359875,Gazipur,Bangladesh,31/02/2023,,pending
EMP10678,Afroza Sultana,47,Woman,IT,Assistant Manager,afroza.sultana84@outlook.com,1738428759,Narayanganj,Bangladesh,2/3/2022,143187,actve
EMP10453,Nasrin Sultana,,F,Operations,Manager,nasrin.sultana51@gmail.com,1110395111,Narayanganj,Bangladesh,23-07-2022,,On Leave
EMP10381,Selim Khan,32,MALE,IT,Analyst,selim.khan89@outlook.com,Not Available,Sylhet,Bangladesh,1/17/2023,78562,Pending
EMP10722,Dilruba Akter,49,Female,Administration,Senior Executive,dilruba.akter65@@outlook.com,1771935247,Khulna,Bangladesh,1/21/2018,,inactive
EMP10562,Faruk Miah,51,male,Logistics,Executive,faruk.miah6@gmail.com,1990245936,Dhaka,Bangladesh,23/11/2022,-148778,onleave
EMP10486,Nasir Karim,47,MALE,Logistics,Junior Executive,nasir.karim93@gmail.com,1849703887,Barisal,BD,17/09/2017,39991,Inactive
EMP11417,  Shahana   Pramanik  ,33,MALE,IT,Manager,shahana.pramanik67@yahoo.com,,Chattogram,Bangladesh,2/22/2022,31109,
EMP10123,Iqbal Sheikh,48,Female,Sales,Coordinator,iqbal.sheikh80@yahoo.com,1119789577,Chattogram,Bangladesh,23-11-2015,55417,actve
EMP11449,Golam Bhuiyan,21,F,admin,Head of Department,golam.bhuiyan64@yahoo.com,Not Available,Dhaka,Bangladesh,10/24/2017,35241,active
EMP10311,Habibur Uddin,26,MALE,Customer Support,Head of Department,habibur.uddin21@yahoo.com,,Rangpur,Bangladesh,1/3/2016,-71885,Active
EMP10920,Shakil Haque,23,M,Logistics,Associate,shakil.haque46@gmail.com,1102837583,Sylhet,Bangladesh,3/9/2025,68388,Inactive
EMP10900,Mamun Parvin,34,Female,admin,Senior Officer,mamun.parvin28@gmail.com,1569964454,Gazipur,Bangladesh,15-08-2021,55663,inactive
EMP10746,Tahmina Khan,N/A,M,Finance,Coordinator,tahmina.khan12@gmail.com,1101337226,Dhaka,Bangladesh,19-04-2017,69243,On Leave
EMP10406,Faruk Akter,48,Woman,IT,Manager,faruk.akter82@@outlook.com,1371242416,Sylhet,Bangladesh,8/16/2025,-105373,Inactive
EMP11059,  Shirin   Mahmud  ,n/a,FEMALE,Sales,Coordinator,,1832769934,Comilla,Bangladesh,7/17/2025,97227,
EMP11071,Habibur Haque,,Male,Administration,Senior Executive,habibur.haque6@yahoo.com,Not Available,Sylhet,Bangladesh,10/13/2015,142090,onleave
EMP11243,Rowshan Talukder,24,Man,Research & Development,Senior Executive,rowshan.talukder12@outlook.com,1068734051,Gazipur,Bangladesh,5/8/2025,96453,Pending
EMP11270,Tarek Haque,27,Woman,IT,Officer,tarek.haque2@gmail.com,1061489662,Chattogram,Bangladesh,,141448,actve
EMP10012,Faruk Chowdhury,34,MALE,it,Analyst,faruk.chowdhury65@outlook.com,1435359689,Khulna,Bangladesh,7/16/2015,122454,Active
EMP10257,Salma Molla,48,male,Marketing,Senior Executive,salma.molla90gmail.com,1044338273,Narayanganj,Bangladesh,,44048,Pending
EMP11080,Anwar Khatun,,FEMALE,Administration,Senior Officer,anwar.khatun51@outlook.com,1328999510,Mymensingh,Bangladesh,18-04-2019,,onleave
EMP10349,Ruma Khatun,34,,IT,Senior Executive,ruma.khatun91@outlook.com,1482174313,Mymensingh,BD,13/12/2023,105138,inactive
EMP11344,Alamgir Akter,39,Man,Marketing,Manager,alamgir.akter58@outlook.com,1476576587,Bogura,Bangladesh,2/11/2025,134584,Inactive
EMP10916,Sohel Mahmud,57,F,Logistics,Head of Department,sohel.mahmud90@outlook.com,,Rangpur,Bangladesh,28-11-2015,52845,Suspended
EMP11457,Shirin Sarker,50,Man,Human Resources,Executive,shirin.sarker71@yahoo.com,1985583981,Sylhet,Bangladesh,6/11/2025,-96574,Suspended
EMP11032,Sadia Ahmed,unknown,female,Customer Support,Assistant Manager,sadia.ahmed97@yahoo.com,1666706748,Dhaka,Bangladesh,27-10-2021,138814,
EMP11114,Faruk Khan,54,MALE,Logistics,Executive,faruk.khan76yahoo.com,1239815046,Comilla,Bangladesh,20-05-2016,-121227,Active
EMP11382,Ashraf Sultana,31,Male,Administration,Manager,ashraf.sultana85@yahoo.com,131310377,Khulna,Bangladesh,21/11/2024,114887,
EMP10010,Rehana Haque,47,Male,Innovation Lab,Associate,rehana.haque17@outlook.com,1057162411,Sylhet,Bangladesh,6/7/2018,44283,pending
EMP10848,Kamal Karim,,FEMALE,Legal Affairs,Head of Department,kamal.karim35@outlook.com,107340073,Rangpur,BD,6/4/2022,53398,onleave
EMP10149,Rubel Talukder,48,FEMALE,Sales,Team Lead,rubel.talukder19@gmail.com,1320037767,Gazipur,Bangladesh,19/02/2017,42534,Inactive
EMP11211,Mizanur Bhuiyan,41,FEMALE,Sales,Manager,mizanur.bhuiyan31gmail.com,1112813106,Barisal,Bangladesh,28/06/2021,,On Leave
EMP11308,Salma Molla,53,M,Customer Support,Senior Executive,salma.molla96@gmail.com,,Barisal,Bangladesh,14/04/2024,127310,ACTIVE
EMP11104,Nasir Miah,46,MALE,I.T.,Team Lead,nasir.miah22@gmail.com,1246121322,Khulna,BD,1/21/2018,41534,ACTIVE
EMP10931,Firoz Ahmed,29,M,Logistics,Coordinator,firoz.ahmed7@yahoo.com,1963099707,Rangpur,Bangladesh,12/2/2021,99766,pending
EMP10328,  Nazmul   Ali  ,26,Woman,Human Resources,Senior Officer,nazmul.ali29@yahoo.com,,Gazipur,Bangladesh,7/6/2019,90520,active
EMP10688,Imran Begum,49,Man,ops,Deputy Manager,,,Mymensingh,BD,20/08/2017,44755,Inactive
EMP10935,Bashir Khan,51,male,Administration,Senior Officer,bashir.khan6@outlook.com,1167847349,Comilla,bangladesh,9/22/2023,-28608,actve
EMP10332,Dilruba Islam,N/A,F,Customer Support,Deputy Manager,,1861279188,Comilla,Bangladesh,31/02/2023,52293,ACTIVE
EMP10090,  Fatima   Haque  ,unknown,Man,Administration,Officer,fatima.haque43@outlook.com,1141236386,Sylhet,Bangladesh,9/8/2017,41230,ACTIVE
EMP11037,Dilruba Mahmud,23,female,Sales,Senior Executive,,1498208205,Dhaka,Bangladesh,2/7/2019,46664,actve
EMP10973,Shathi Hossain,,Male,IT,Senior Executive,shathi.hossain2@gmail.com,1809276942,Rangpur,BD,26/09/2021,61364,On Leave
EMP10028,Mahfuz Karim,48,,admin,Junior Executive,mahfuz.karim1@outlook.com,,Dhaka,Bangladesh,1/25/2019,35760,Suspended
EMP11120,Farzana Uddin,24,Male,Logistics,Associate,farzana.uddin22gmail.com,Not Available,Barisal,bangladesh,20-12-2024,90732,Inactive
EMP10561,Arif Sheikh,27,M,Quality Assurance,Deputy Manager,arif.sheikh6@yahoo.com,1057040038,Chattogram,Bangladesh,1/16/2015,96559,onleave
EMP11001,Lubna Karim,47,,Administration,Officer,lubna.karim80@gmail.com,1259843563,Rajshahi,Bangladesh,27/12/2015,N/A,actve
EMP10886,Rowshan Molla,55,FEMALE,Finance,Manager,rowshan.molla40@outlook.com,Not Available,Dhaka,Bangladesh,14-07-2019,129388,Pending
EMP11405,Rehana Khan,48,MALE,Human Resources,Associate,rehana.khan29@outlook.com,Not Available,Comilla,Bangladesh,8/6/2017,146546,Suspended
EMP11148,Shathi Pramanik,29,M,Logistics,Analyst,shathi.pramanik19@outlook.com,1447210144,Chattogram,Bangladesh,12/24/2021,-43085,INACTIVE
EMP10541,Rowshan Sheikh,unknown,Female,it,Analyst,,168870874,Gazipur,Bangladesh,9/5/2024,62064,in-active
EMP10518,Kabir Pramanik,44,FEMALE,Customer Support,Associate,kabir.pramanik15@gmail.com,,Khulna,bangladesh,8/8/2025,106373,On Leave
EMP10441,  Imran   Rahman  ,56,Male,Administration,Team Lead,imran.rahman15outlook.com,172566824,Dhaka,Bangladesh,15-12-2022,103967,active
EMP10720,Kawsar Rahman,N/A,Male,Finance,Deputy Manager,kawsar.rahman5@yahoo.com,147832347,Narayanganj,bangladesh,25-02-2017,105896,Inactive
EMP11368,Nadia Biswas,56,male,logisitcs,Executive,nadia.biswas91@outlook.com,1440081585,Chattogram,Bangladesh,24/05/2021,115491,pending
EMP11495,Shathi Parvin,24,male,Logistics,Deputy Manager,shathi.parvin23@yahoo.com,164171017,Rajshahi,Bangladesh,11/15/2021,,inactive
EMP10607,Tahmina Ali,32,Woman,markting,Executive,tahmina.ali51@gmail.com,173103511,Narayanganj,bangladesh,1/17/2019,,active
EMP10580,Rubel Rahman,38,male,Quality Assurance,Assistant Manager,rubel.rahman25@gmail.com,1367933273,Rajshahi,Bangladesh,,22509,On Leave
EMP10663,Marzia Karim,34,MALE,Sales,Deputy Manager,marzia.karim98@gmail.com,1307527040,Barisal,Bangladesh,7/28/2022,45545,Pending
EMP10674,Nazmul Miah,48,FEMALE,support,Head of Department,nazmul.miah50@outlook.com,,Khulna,bangladesh,,94930,pending
EMP11142,Rina Miah,44,MALE,Sales,Deputy Manager,rina.miah77@yahoo.com,1244573716,Barisal,Bangladesh,14/03/2018,53180,inactive
EMP11041,Anwar Pramanik,24,Woman,Human Resources,Head of Department,anwar.pramanik91@gmail.com,1205662755,Rangpur,Bangladesh,8/12/2022,-44367,active
EMP10117,Alamgir Hossain,42,female,hr,Analyst,alamgir.hossain75@gmail.com,Not Available,Mymensingh,BD,11/23/2021,148141,Suspended
EMP11027,Nasima Akter,31,male,Marketing,Associate,nasima.akter39@gmail.com,1455665183,Gazipur,Bangladesh,12/11/2019,30621,On Leave
EMP11076,Dilruba Sultana,28,Woman,Sales,Executive,dilruba.sultana48@yahoo.com,163488430,Chattogram,Bangladesh,11/12/2017,-28679,Pending
EMP10145,Anisur Bhuiyan,twenty five,,Operations,Head of Department,anisur.bhuiyan54@@yahoo.com,1985026871,Sylhet,Bangladesh,12/12/2020,79193,inactive
EMP11476,Sultana Miah,40,FEMALE,sales,Assistant Manager,sultana.miah42@yahoo.com,1530830049,Chattogram,Bangladesh,8/2/2015,,Active
EMP10743,Tahmina Parvin,,Man,Research & Development,Executive,tahmina.parvin20@gmail.com,1098942742,Sylhet,Bangladesh,11/9/2019,35405,in-active
EMP10128,Kamal Molla,55,Female,markting,Coordinator,kamal.molla91@yahoo.com,1738759832,Rajshahi,Bangladesh,26-06-2021,72986,Suspended
EMP11035,Alamgir Rana,29,F,Logistics,Senior Executive,alamgir.rana23@outlook.com,1107752753,Chattogram,bangladesh,7/15/2025,128507,Inactive
EMP10226,Shathi Miah,56,M,admin,Head of Department,,1768923155,Chattogram,Bangladesh,10/27/2015,114700,INACTIVE
EMP10930,Shirina Khan,49,F,Research & Development,Deputy Manager,shirina.khan88@yahoo.com,1220382676,Mymensingh,Bangladesh,11/20/2025,,Pending
EMP11496,Marzia Bhuiyan,36,Woman,Sales,Junior Executive,marzia.bhuiyan38@outlook.com,1533947264,Barisal,BD,8/14/2018,36853,On Leave
EMP10969,Golam Talukder,42,Woman,ops,Associate,golam.talukder88@yahoo.com,,Rajshahi,Bangladesh,12/19/2017,132017,Suspended
EMP11075,  Wasim   Siddiqua  ,-,,Operations,Executive,wasim.siddiqua94@gmail.com,1195285895,Sylhet,Bangladesh,,108274,On Leave
EMP10692,Poppy Ali,40,M,Finance,Executive,poppy.ali20@yahoo.com,Not Available,Rangpur,Bangladesh,3/6/2019,N/A,Pending
EMP11320,Imran Siddiqua,-,M,Procurement,Deputy Manager,imran.siddiqua64@outlook.com,1816168858,Mymensingh,bangladesh,2/11/2022,112695,active
EMP10374,Mizanur Biswas,32,Woman,Research & Development,Team Lead,mizanur.biswas57@gmail.com,1554924843,Comilla,Bangladesh,10/22/2021,30653,ACTIVE
EMP10299,Tahmina Sultana,29,female,Administration,Head of Department,tahmina.sultana85@outlook.com,1780085803,Mymensingh,Bangladesh,10/19/2018,92856,active
EMP11394,Chaity Hossain,32,MALE,Human Resources,Team Lead,chaity.hossain88@yahoo.com,Not Available,Gazipur,bangladesh,8/2/2015,71927,pending
EMP11350,Nasrin Mahmud,,Male,Customer Support,Executive,nasrin.mahmud21@gmail.com,194766170,Barisal,Bangladesh,22/02/2018,70371,inactive
EMP11226,Firoz Uddin,45,Female,Administration,Team Lead,firoz.uddin60@yahoo.com,1608713197,Mymensingh,Bangladesh,31/02/2023,Not Available,Active
EMP11469,Lubna Pramanik,30,Female,IT,Senior Executive,lubna.pramanik5@gmail.com,,Dhaka,BD,10/14/2020,89940,
EMP10711,Mamun Parvin,twenty five,Female,Quality Assurance,Manager,mamun.parvin14@outlook.com,Not Available,Mymensingh,Bangladesh,,41151,Suspended
EMP10939,Anisur Akter,37,Female,Quality Assurance,Deputy Manager,anisur.akter52@outlook.com,1696906790,Sylhet,Bangladesh,31/02/2023,,ACTIVE
EMP11431,Tanvir Islam,41,M,Logistics,Senior Officer,tanvir.islam73@outlook.com,1638563038,Mymensingh,bangladesh,3/8/2017,59738,On Leave
EMP10941,Nurjahan Mollah,59,Male,Finance,Head of Department,nurjahan.mollah56@outlook.com,1867058373,Bogura,BD,16-01-2018,149736,Inactive
EMP11061,Tahmina Chowdhury,57,FEMALE,Marketing,Deputy Manager,,1805786346,Rajshahi,Bangladesh,,-137345,Suspended
EMP10647,Karim Khatun,55,Woman,IT,Associate,karim.khatun70@gmail.com,1586713737,Gazipur,Bangladesh,3/13/2019,59315,active
EMP10079,Nasrin Haque,36,Man,Human Resources,Officer,nasrin.haque1@outlook.com,1521627410,Rangpur,Bangladesh,9/3/2021,62132,Inactive
EMP10744,Nurjahan Rana,48,Male,sales,Junior Executive,nurjahan.rana85@yahoo.com,1006018936,Sylhet,Bangladesh,10/2/2017,41385,active
EMP11106,Anisur Begum,21,Female,Operations,Coordinator,anisur.begum70@gmail.com,1060232640,Mymensingh,Bangladesh,6/1/2025,35018,
EMP11376,Rubel Miah,33,MALE,Research & Development,Head of Department,rubel.miah55@yahoo.com,1316432745,Barisal,Bangladesh,27-10-2025,-87239,pending
EMP10340,Poppy Khatun,unknown,Man,IT,Senior Executive,poppy.khatun89@outlook.com,1076263766,Bogura,Bangladesh,19-11-2023,133447,ACTIVE
EMP10129,Nazmul Khan,29,MALE,Human Resources,Senior Executive,nazmul.khan20@gmail.com,1185572166,Dhaka,Bangladesh,16/01/2015,-130988,Active
EMP10943,Sadia Ali,59,,HR,Team Lead,sadia.ali45@yahoo.com,1261874489,Rajshahi,Bangladesh,9/26/2016,-112644,in-active
EMP10034,Roksana Alam,38,FEMALE,Sales,Team Lead,,1600312508,Khulna,Bangladesh,9/7/2024,N/A,actve
EMP11139,Selim Haque,29,F,Human Resources,Associate,selim.haque72@outlook.com,196433083,Sylhet,Bangladesh,3/1/2020,38128,Pending
EMP10774,Momtaz Rana,-,Male,Finance,Team Lead,momtaz.rana94@outlook.com,1594533250,Gazipur,Bangladesh,24-11-2020,-46976,On Leave
EMP10798,Sajib Mollah,41,Man,Research & Development,Head of Department,sajib.mollah26@yahoo.com,1673130790,Barisal,Bangladesh,10/10/2022,59539,On Leave
EMP10321,Firoz Molla,24,female,Quality Assurance,Senior Executive,firoz.molla26@outlook.com,1752464449,Mymensingh,Bangladesh,14-12-2019,-146461,
EMP10330,Hasan Rahman,39,Female,sales,Coordinator,hasan.rahman70@yahoo.com,1011022050,Sylhet,Bangladesh,,72225,Pending
EMP10618,Dilruba Pramanik,34,female,IT,Head of Department,dilruba.pramanik65@yahoo.com,1939304498,Dhaka,Bangladesh,15-10-2023,46751,
EMP11111,Kamal Rana,39,female,it,Officer,kamal.rana9@gmail.com,1906017237,Bogura,Bangladesh,17/04/2016,-31671,actve
EMP11458,Meherun Hossain,59,female,IT,Senior Executive,meherun.hossain79@gmail.com,1286405469,Mymensingh,Bangladesh,14/10/2015,82513,actve
EMP10435,Faruk Karim,53,Male,Sales,Senior Officer,faruk.karim1@gmail.com,1319413934,Dhaka,Bangladesh,2/23/2022,119034,active
EMP11220,Sabbir Parvin,51,Woman,Customer Support,Junior Executive,sabbir.parvin84@yahoo.com,1082774555,Sylhet,Bangladesh,6/21/2017,95613,Suspended
EMP10528,  Ayesha   Molla  ,58,FEMALE,Human Resources,Senior Executive,ayesha.molla90@yahoo.com,1418087931,Chattogram,Bangladesh,7/15/2025,127072,in-active
EMP10882,Sajib Khan,59,Woman,sales,Officer,sajib.khan42@gmail.com,1794580872,Dhaka,Bangladesh,7/18/2021,42765,in-active
EMP10552,Farzana Islam,21,Male,Human Resources,Officer,farzana.islam93@outlook.com,146175505,Gazipur,Bangladesh,26-05-2019,-117380,in-active
EMP11007,Shahana Sarker,44,Male,Logistics,Team Lead,shahana.sarker20@outlook.com,1614173124,Comilla,Bangladesh,10/22/2017,30277,in-active
EMP10937,Nurjahan Islam,47,Woman,Legal Affairs,Deputy Manager,nurjahan.islam96@@outlook.com,1356544824,Comilla,Bangladesh,11/2/2023,48711,actve
EMP11258,Sabbir Akter,36,female,Marketing,Associate,sabbir.akter59@yahoo.com,182980269,Comilla,BD,,26217,active
EMP10845,Faruk Khatun,57,female,Customer Support,Assistant Manager,faruk.khatun91@yahoo.com,1557909669,Sylhet,Bangladesh,5/3/2020,117012,pending
EMP11419,Alamgir Alam,58,M,Innovation Lab,Senior Officer,alamgir.alam84@yahoo.com,,Gazipur,Bangladesh,,-141415,
EMP11494,Habibur Karim,54,Male,Customer Support,Executive,habibur.karim93@yahoo.com,1762055515,Dhaka,Bangladesh,7/11/2019,94686,On Leave
EMP10258,Nazmul Alam,41,MALE,Finance,Associate,nazmul.alam84@gmail.com,1213394698,Khulna,Bangladesh,26/07/2017,,onleave
EMP10472,Firoz Talukder,52,Male,it,Officer,firoz.talukder51@yahoo.com,1282617237,Dhaka,Bangladesh,6/12/2023,Not Available,in-active
EMP10063,Farzana Haque,26,M,Operations,Deputy Manager,farzana.haque43@outlook.com,1054495807,Sylhet,Bangladesh,10/10/2016,47060,onleave
EMP10938,Momtaz Khan,47,,it,Manager,momtaz.khan57@yahoo.com,1934589297,Chattogram,Bangladesh,21-10-2024,,ACTIVE
EMP11212,Faruk Karim,54,Female,Sales,Junior Executive,,1485967240,Comilla,Bangladesh,26-08-2022,83063,in-active
EMP11200,Kabir Siddiqua,21,female,Marketing,Executive,kabir.siddiqua11@outlook.com,1549761422,Sylhet,Bangladesh,3/8/2025,120506,INACTIVE
EMP10621,Rashed Begum,44,male,Marketing,Executive,rashed.begum55@yahoo.com,1293875473,Barisal,Bangladesh,9/13/2021,118173,inactive
EMP10023,Lubna Mollah,56,Man,HR,Deputy Manager,,1093108401,Dhaka,Bangladesh,,148668,actve
EMP10834,Kabir Rahman,45,Male,Procurement,Deputy Manager,kabir.rahman18@gmail.com,1568406299,Mymensingh,Bangladesh,3/22/2018,-148074,Inactive
EMP10706,Shakil Sultana,52,FEMALE,IT,Senior Executive,,1895206973,Narayanganj,bangladesh,16/11/2015,111219,pending
EMP10059,Nadia Sarker,45,F,logisitcs,Executive,nadia.sarker32@yahoo.com,,Sylhet,Bangladesh,2/23/2020,101186,Pending
EMP10530,Salma Karim,52,female,Operations,Senior Executive,salma.karim73@gmail.com,1225285189,Narayanganj,Bangladesh,,91056,Pending
EMP11096,Delwar Chowdhury,22,M,Marketing,Deputy Manager,delwar.chowdhury63@gmail.com,1691518120,Narayanganj,Bangladesh,9/9/2020,121212,in-active
EMP10908,Roksana Begum,37,Male,Finance,Executive,roksana.begum38@@gmail.com,1714367337,Rangpur,Bangladesh,17/06/2025,Not Provided,active
EMP11415,Zahid Ali,-,Female,Human Resources,Junior Executive,zahid.ali4@yahoo.com,1582368127,Chattogram,Bangladesh,9/21/2022,98722,Suspended
EMP10666,  Rafiq   Islam  ,,F,Sales,Manager,rafiq.islam87gmail.com,1014632752,Sylhet,Bangladesh,21/06/2015,117274,active
EMP11484,Sajib Khatun,27,FEMALE,Customer Support,Analyst,sajib.khatun76@gmail.com,1151172284,Sylhet,Bangladesh,31/02/2023,118864,in-active
EMP10730,Nasir Miah,46,male,admin,Assistant Manager,nasir.miah40@yahoo.com,1624861392,Rangpur,Bangladesh,20-07-2022,N/A,ACTIVE
EMP10547,  Momtaz   Pramanik  ,,Male,fin,Assistant Manager,momtaz.pramanik95@yahoo.com,131790203,Sylhet,Bangladesh,20-08-2015,27270,
EMP11149,Ayesha Begum,22,MALE,Finance,Head of Department,ayesha.begum25@outlook.com,1586835507,Rajshahi,Bangladesh,10/28/2021,115467,inactive
EMP10309,Anisur Bhuiyan,-,Woman,Sales,Senior Officer,anisur.bhuiyan6@yahoo.com,1451106954,Barisal,Bangladesh,1/19/2025,-140356,On Leave
EMP10851,Golam Rana,40,Male,Sales,Officer,,1947423771,Narayanganj,Bangladesh,,68347,INACTIVE
EMP10648,Ruma Molla,57,Female,Sales,Associate,ruma.molla36@yahoo.com,1250148925,Comilla,Bangladesh,8/13/2018,28826,onleave
EMP11102,Poppy Talukder,38,female,Finance,Executive,poppy.talukder22@@outlook.com,1695884395,Gazipur,Bangladesh,,51522,Active
EMP10480,Rubel Parvin,,F,Human Resources,Coordinator,rubel.parvin4@gmail.com,1691925825,Khulna,Bangladesh,4/18/2020,-148450,
EMP10838,Afroza Pramanik,40,Woman,Marketing,Senior Executive,afroza.pramanik30@yahoo.com,1478637805,Sylhet,bangladesh,9/10/2017,84073,actve
EMP11291,  Sabbir   Mollah  ,41,FEMALE,HR,Senior Officer,sabbir.mollah4@yahoo.com,1432543434,Mymensingh,Bangladesh,8/4/2019,89554,inactive
EMP10124,Fatima Rana,thirty two,Woman,sales,Analyst,fatima.rana20gmail.com,Not Available,Sylhet,Bangladesh,4/12/2023,51704,
EMP10221,Tarek Mollah,42,Male,Finance,Junior Executive,tarek.mollah33@yahoo.com,,Comilla,Bangladesh,31/02/2023,126213,INACTIVE
EMP10017,Selim Khan,,male,support,Analyst,selim.khan45@outlook.com,1008462665,Rajshahi,Bangladesh,26/04/2024,42415,actve
EMP10595,Roksana Rahman,31,Man,Research & Development,Senior Officer,roksana.rahman44@outlook.com,1416001727,Khulna,Bangladesh,1/23/2017,Not Provided,
EMP10471,Golam Uddin,45,Male,markting,Executive,golam.uddin76@outlook.com,1957633050,Gazipur,Bangladesh,12/9/2024,,On Leave
EMP11085,Faruk Siddiqua,44,male,Customer Support,Head of Department,faruk.siddiqua38@gmail.com,1237572791,Narayanganj,bangladesh,19/04/2016,115860,Active
EMP10036,Sabbir Rana,,male,Human Resources,Senior Executive,sabbir.rana73@outlook.com,1678682129,Gazipur,Bangladesh,,130415,in-active
EMP10319,Shirin Molla,25,FEMALE,Finance,Senior Officer,shirin.molla79@yahoo.com,,Barisal,Bangladesh,8/8/2019,49669,in-active
EMP10201,Imran Uddin,58,F,ops,Executive,imran.uddin89@@yahoo.com,1185481898,Gazipur,Bangladesh,11/26/2024,51063,On Leave
EMP10465,Karim Hossain,41,MALE,Human Resources,Deputy Manager,karim.hossain5@outlook.com,1705215703,Sylhet,Bangladesh,8/3/2022,113403,On Leave
EMP10859,Parveen Biswas,45,Woman,Sales,Executive,,1965655253,Khulna,Bangladesh,,112341,On Leave
EMP10802,Anwar Molla,51,Female,Finance,Analyst,anwar.molla4@yahoo.com,1374733174,Bogura,Bangladesh,,,On Leave
EMP11184,Ayesha Talukder,29,Female,Logistics,Team Lead,ayesha.talukder6@gmail.com,1094945854,Rangpur,BD,,47416,INACTIVE
EMP11311,Rubel Mollah,41,FEMALE,Innovation Lab,Team Lead,rubel.mollah88@outlook.com,1036491611,Rangpur,Bangladesh,7/12/2024,120837,actve
EMP10945,Tarek Ahmed,,Male,Human Resources,Junior Executive,,1158584983,Rajshahi,Bangladesh,31/02/2023,102069,Suspended
EMP11246,Nasrin Alam,43,Woman,HR,Deputy Manager,nasrin.alam48@outlook.com,,Sylhet,Bangladesh,11/15/2021,,Active
EMP10024,Kawsar Sultana,49,MALE,Marketing,Manager,kawsar.sultana49@gmail.com,1543712639,Rangpur,Bangladesh,2/7/2018,34127,inactive
EMP10198,Nasima Talukder,28,Woman,support,Executive,nasima.talukder62@gmail.com,1005380341,Barisal,Bangladesh,17-10-2024,81347,On Leave
EMP11456,Tarek Ali,53,female,Logistics,Senior Officer,,1771143238,Dhaka,Bangladesh,8/1/2020,Not Available,actve
EMP10942,Tahmina Molla,24,Female,sales,Senior Executive,tahmina.molla7@outlook.com,1711254828,Barisal,Bangladesh,8/19/2023,108151,inactive
EMP11326,Anisur Sarker,33,female,Marketing,Senior Officer,anisur.sarker59@gmail.com,1535409390,Barisal,Bangladesh,31/02/2023,125247,inactive
EMP11060,Farzana Khan,22,FEMALE,Marketing,Senior Officer,farzana.khan57@gmail.com,1118142449,Sylhet,Bangladesh,31/02/2023,143299,inactive
EMP11190,Rupa Sultana,54,M,Logistics,Team Lead,rupa.sultana40@yahoo.com,1897398753,Sylhet,Bangladesh,4/1/2018,140603,actve
EMP10815,  Hasan   Begum  ,39,FEMALE,Innovation Lab,Team Lead,hasan.begum49@outlook.com,1223040678,Rajshahi,Bangladesh,,86460,Suspended
EMP10963,Tanvir Molla,48,F,Administration,Senior Executive,tanvir.molla20@yahoo.com,1937127294,Chattogram,BD,12/8/2024,52546,
EMP10016,Arif Chowdhury,49,Female,Quality Assurance,Senior Officer,arif.chowdhury71@gmail.com,1429571942,Khulna,Bangladesh,12/9/2022,48214,Suspended
EMP10014,Hasan Karim,44,male,sales,Senior Executive,hasan.karim58@gmail.com,,Khulna,Bangladesh,1/11/2015,98834,Inactive
EMP11176,Poppy Talukder,,Woman,Administration,Officer,poppy.talukder62@@yahoo.com,1611559682,Khulna,Bangladesh,3/4/2023,128301,inactive
EMP11265,Dilruba Alam,35,,Quality Assurance,Manager,dilruba.alam10@gmail.com,,Mymensingh,Bangladesh,31/02/2023,61179,actve
EMP10109,Jannatul Sultana,-,MALE,Marketing,Coordinator,jannatul.sultana67@outlook.com,1382897040,Khulna,BD,14/12/2016,117473,INACTIVE
EMP10947,  Farzana   Miah  ,45,,Administration,Officer,farzana.miah75@outlook.com,1512177878,Gazipur,Bangladesh,12/21/2016,,in-active
EMP10895,Nazmul Biswas,52,,HR,Analyst,nazmul.biswas83@yahoo.com,1601520605,Rajshahi,Bangladesh,16/09/2024,-70034,in-active
EMP10526,Ruma Rana,32,Woman,Finance,Head of Department,,1120157711,Gazipur,Bangladesh,9/17/2019,-136583,On Leave
EMP10582,Meherun Biswas,n/a,male,Marketing,Officer,meherun.biswas88@outlook.com,1477923613,Sylhet,Bangladesh,2/6/2023,38817,actve
EMP10545,Dilruba Begum,56,MALE,IT,Senior Executive,dilruba.begum24@gmail.com,,Barisal,Bangladesh,6/28/2017,-148757,On Leave
EMP10940,Ruma Biswas,48,Female,Quality Assurance,Manager,ruma.biswas45@gmail.com,1305091299,Rangpur,Bangladesh,28-08-2022,57253,inactive
EMP11398,Rubel Ahmed,,,Marketing,Executive,rubel.ahmed30@outlook.com,1885577784,Barisal,Bangladesh,3/7/2017,134975,On Leave
EMP10673,Delwar Khatun,22,male,Operations,Senior Executive,delwar.khatun90@outlook.com,1625388580,Bogura,Bangladesh,12/6/2017,136154,INACTIVE
EMP10055,Nasima Khatun,22,female,Customer Support,Officer,nasima.khatun75@yahoo.com,1791288362,Rangpur,Bangladesh,4/12/2021,-38315,INACTIVE
EMP11304,Sadia Khan,49,Man,Sales,Deputy Manager,sadia.khan60@gmail.com,1773386797,Gazipur,Bangladesh,18/07/2024,103318,onleave
EMP10880,Rina Haque,thirty two,MALE,HR,Associate,rina.haque24@outlook.com,1437851576,Dhaka,BD,12/3/2025,24836,Pending
EMP11239,Kamal Khan,unknown,MALE,Administration,Junior Executive,kamal.khan36@outlook.com,1882372177,Sylhet,Bangladesh,5/8/2022,90501,Suspended
EMP10645,Parveen Ahmed,51,FEMALE,Marketing,Analyst,parveen.ahmed34@gmail.com,,Comilla,BD,4/11/2017,70817,INACTIVE
EMP10366,Rehana Mollah,,Male,Operations,Executive,rehana.mollah82@@gmail.com,1955871716,Gazipur,Bangladesh,,Not Provided,in-active
EMP10873,Arif Ahmed,unknown,Female,fin,Manager,arif.ahmed88@gmail.com,1163313621,Khulna,Bangladesh,7/8/2024,88332,inactive
EMP10082,Chaity Sheikh,57,male,Legal Affairs,Assistant Manager,chaity.sheikh81@yahoo.com,1918323040,Barisal,BD,3/10/2016,144895,in-active
EMP11010,Rowshan Ali,,Female,Research & Development,Associate,,129904770,Gazipur,Bangladesh,4/5/2020,50644,onleave
EMP10062,Kawsar Chowdhury,58,Male,admin,Head of Department,kawsar.chowdhury34@yahoo.com,1269453854,Dhaka,BD,3/2/2023,33216,onleave
EMP10417,Yusuf Rana,35,MALE,Procurement,Coordinator,yusuf.rana37@gmail.com,1086283682,Mymensingh,Bangladesh,2/14/2015,127147,active
EMP10932,Salma Islam,23,Female,Innovation Lab,Executive,salma.islam39@outlook.com,1013638433,Chattogram,Bangladesh,6/7/2021,N/A,actve
EMP10069,Delwar Miah,26,M,logisitcs,Associate,delwar.miah63outlook.com,,Chattogram,Bangladesh,10/22/2015,28444,in-active
EMP11427,Dilruba Biswas,23,,Administration,Head of Department,dilruba.biswas6@yahoo.com,1407660136,Narayanganj,Bangladesh,2/6/2025,Not Provided,Inactive
EMP10138,Kawsar Pramanik,42,F,Business Intelligence,Senior Executive,kawsar.pramanik98@gmail.com,1595129319,Bogura,Bangladesh,8/20/2019,134846,INACTIVE
EMP10202,Nasima Mahmud,thirty two,Man,Sales,Coordinator,nasima.mahmud41@@yahoo.com,1210711867,Comilla,Bangladesh,15/10/2022,-39946,ACTIVE
EMP10061,Roksana Sarker,46,Male,Procurement,Executive,roksana.sarker95@gmail.com,1769171656,Dhaka,Bangladesh,12/17/2021,118667,Inactive
EMP10186,Rubel Akter,24,M,Procurement,Coordinator,rubel.akter21@outlook.com,1362862584,Dhaka,Bangladesh,28/12/2024,-136673,actve
EMP10231,Zahid Sheikh,57,F,Operations,Senior Officer,zahid.sheikh97@yahoo.com,1738652317,Comilla,Bangladesh,26-11-2023,131098,pending
EMP10367,Kamal Talukder,22,Male,hr,Head of Department,kamal.talukder95@@yahoo.com,1589728155,Rangpur,Bangladesh,24-12-2015,-99336,active
EMP11402,  Rafiq   Khan  ,49,Male,Marketing,Officer,rafiq.khan45@gmail.com,1315626483,Rangpur,Bangladesh,2/18/2024,-61092,in-active
EMP10351,Delwar Rahman,,MALE,fin,Deputy Manager,delwar.rahman8@outlook.com,,Comilla,Bangladesh,25-11-2018,124902,ACTIVE
EMP10388,Rowshan Ali,51,,Operations,Manager,rowshan.ali46@gmail.com,1741687223,Sylhet,Bangladesh,1/25/2018,88294,onleave
EMP10052,Ruma Molla,35,Male,Human Resources,Assistant Manager,ruma.molla97@gmail.com,1578749529,Chattogram,Bangladesh,8/19/2022,145499,onleave
EMP10436,Sohel Bhuiyan,29,MALE,IT,Deputy Manager,,1667790500,Narayanganj,Bangladesh,8/27/2020,147756,in-active
EMP10553,Alamgir Molla,25,Woman,Innovation Lab,Junior Executive,alamgir.molla85@yahoo.com,148068761,Khulna,Bangladesh,2/27/2017,,Pending
EMP10195,Sabbir Karim,45,MALE,Research & Development,Team Lead,sabbir.karim63@outlook.com,1957581241,Chattogram,Bangladesh,12/7/2025,43990,inactive
EMP10698,Nasrin Molla,48,MALE,Logistics,Coordinator,nasrin.molla92@gmail.com,1862382176,Rangpur,Bangladesh,25-04-2020,122792,ACTIVE
EMP10273,Golam Alam,28,M,Customer Support,Senior Officer,golam.alam95@@gmail.com,1379865787,Mymensingh,Bangladesh,5/27/2015,-84281,onleave
EMP11206,Ashraf Ahmed,22,Woman,Sales,Executive,ashraf.ahmed12@outlook.com,1845760732,Khulna,Bangladesh,9/17/2022,58681,Inactive
EMP10285,Tania Biswas,21,Male,Human Resources,Analyst,tania.biswas70@gmail.com,1337242824,Rangpur,Bangladesh,4/26/2022,115165,inactive
EMP10737,Mamun Bhuiyan,58,male,Quality Assurance,Senior Executive,,1102995276,Sylhet,Bangladesh,12/13/2018,105698,Pending
EMP10156,Shathi Hossain,,male,Finance,Head of Department,,1278321817,Dhaka,Bangladesh,6/26/2016,148761,INACTIVE
EMP11126,Selim Uddin,25,MALE,Legal Affairs,Coordinator,selim.uddin12@gmail.com,1558142493,Gazipur,BD,18/01/2023,106651,INACTIVE
EMP10639,Poppy Akter,30,Male,Customer Support,Senior Officer,poppy.akter20@@gmail.com,Not Available,Barisal,Bangladesh,5/26/2021,98447,onleave
EMP10718,Nazmul Sheikh,21,Man,Finance,Senior Executive,nazmul.sheikh55@yahoo.com,1579380652,Narayanganj,Bangladesh,5/28/2015,106054,Suspended
EMP10396,  Salma   Uddin  ,,M,IT,Manager,salma.uddin87@gmail.com,1554161901,Mymensingh,Bangladesh,19-04-2025,,inactive
EMP10797,Ashraf Hossain,44,FEMALE,Human Resources,Senior Executive,ashraf.hossain51@@outlook.com,108388332,Dhaka,Bangladesh,13-01-2019,,INACTIVE
EMP11124,Ayesha Ali,,Man,I.T.,Head of Department,ayesha.ali97@@outlook.com,1500760250,Chattogram,Bangladesh,5/25/2021,109780,Inactive
EMP11324,Yusuf Alam,twenty five,F,IT,Assistant Manager,yusuf.alam14@yahoo.com,1284452803,Rangpur,Bangladesh,7/24/2025,-65274,inactive
EMP11128,Faruk Uddin,thirty two,F,IT,Analyst,faruk.uddin20@@yahoo.com,1031555892,Mymensingh,BD,9/17/2018,73989,ACTIVE
EMP11224,Roksana Chowdhury,47,Man,Operations,Junior Executive,,1608565300,Rangpur,Bangladesh,7/10/2016,80111,
EMP10169,Karim Khan,57,M,logisitcs,Junior Executive,karim.khan50@outlook.com,Not Available,Sylhet,Bangladesh,25/04/2024,-89045,actve
EMP10909,Nadia Alam,22,male,Finance,Head of Department,nadia.alam53@gmail.com,1828547161,Dhaka,Bangladesh,9/5/2023,146582,pending
EMP10891,Jannatul Sarker,46,FEMALE,IT,Executive,jannatul.sarker33@outlook.com,1107084789,Comilla,Bangladesh,,47744,onleave
EMP11017,Rashed Siddiqua,57,F,Logistics,Manager,rashed.siddiqua77@yahoo.com,,Mymensingh,Bangladesh,28-03-2021,125003,On Leave
EMP11372,Ashraf Alam,38,Female,Customer Support,Junior Executive,,1582461776,Narayanganj,Bangladesh,22/01/2021,69483,
EMP11002,Sadia Rahman,47,Female,IT,Coordinator,sadia.rahman82@yahoo.com,1586087539,Sylhet,Bangladesh,14-03-2023,135419,in-active
EMP11039,Shahana Pramanik,,M,Human Resources,Assistant Manager,shahana.pramanik86@outlook.com,1422901326,Narayanganj,Bangladesh,27/02/2024,136422,On Leave
EMP10894,Jamal Haque,33,FEMALE,Human Resources,Assistant Manager,jamal.haque48@outlook.com,1979906216,Gazipur,Bangladesh,3/11/2025,,INACTIVE
EMP10245,Sajib Pramanik,34,female,Operations,Junior Executive,sajib.pramanik31@yahoo.com,1497549311,Khulna,bangladesh,5/5/2020,Not Available,actve
EMP10801,Sabbir Hossain,N/A,Man,Administration,Manager,sabbir.hossain34@gmail.com,,Barisal,Bangladesh,28/12/2025,140027,active
EMP10810,Mizanur Alam,59,Man,Logistics,Executive,mizanur.alam96@outlook.com,1872278128,Chattogram,BD,,95932,INACTIVE
EMP10620,Delwar Alam,,F,Marketing,Assistant Manager,delwar.alam76gmail.com,1443214764,Narayanganj,Bangladesh,1/10/2021,58881,active
EMP11162,Rowshan Hossain,32,female,Logistics,Assistant Manager,rowshan.hossain37@outlook.com,1912844907,Comilla,Bangladesh,9/6/2018,-58418,active
EMP11217,Roksana Miah,26,female,IT,Associate,,1413461432,Comilla,Bangladesh,6/17/2021,119784,Inactive
EMP11365,Afroza Pramanik,41,Woman,ops,Senior Officer,afroza.pramanik62@yahoo.com,144966272,Khulna,Bangladesh,23-08-2021,,On Leave
EMP11225,Hasan Mollah,55,MALE,logisitcs,Senior Executive,hasan.mollah79@@yahoo.com,1057596334,Barisal,Bangladesh,,124452,Active
EMP11331,  Ruma   Ali  ,27,Woman,Sales,Head of Department,ruma.ali34@outlook.com,1914950642,Narayanganj,Bangladesh,25-06-2015,44895,in-active
EMP10884,Nasrin Biswas,25,female,Marketing,Senior Officer,nasrin.biswas88@outlook.com,1599908927,Khulna,Bangladesh,2/12/2019,unknown,Inactive
EMP11230,  Shirina   Sultana  ,27,MALE,Human Resources,Manager,shirina.sultana3@outlook.com,1882276731,Dhaka,Bangladesh,1/20/2017,unknown,Inactive
EMP10282,Shirin Alam,52,Man,Customer Support,Head of Department,shirin.alam99@outlook.com,,Dhaka,Bangladesh,6/23/2025,115648,ACTIVE
EMP10998,Lubna Hossain,57,Man,Customer Support,Senior Executive,lubna.hossain30@yahoo.com,1828941336,Mymensingh,Bangladesh,17-07-2021,130298,inactive
EMP10004,Rashed Hossain,43,Man,markting,Executive,rashed.hossain62@outlook.com,1466137825,Comilla,Bangladesh,3/11/2023,-41512,onleave
EMP10905,  Zahid   Sarker  ,55,MALE,IT,Analyst,zahid.sarker79@gmail.com,1341337749,Comilla,Bangladesh,13/09/2021,35824,On Leave
EMP10449,Hasan Sarker,38,Female,Logistics,Junior Executive,hasan.sarker2outlook.com,1012114253,Dhaka,Bangladesh,28-10-2017,,pending
EMP10371,Nadia Pramanik,,Woman,Logistics,Head of Department,nadia.pramanik54@yahoo.com,1066655981,Rangpur,BD,3/8/2018,Not Provided,
EMP10308,Bashir Hossain,21,MALE,HR,Executive,bashir.hossain82@outlook.com,1776162270,Rajshahi,Bangladesh,4/8/2024,58603,Active
EMP10993,Afroza Begum,59,Woman,Human Resources,Coordinator,afroza.begum42@gmail.com,1801716150,Rajshahi,Bangladesh,31/02/2023,28551,ACTIVE
EMP11236,Kabir Sultana,30,MALE,ops,Senior Officer,kabir.sultana9@gmail.com,145101523,Gazipur,Bangladesh,2/7/2020,125386,Active
EMP10778,  Ashraf   Islam  ,50,male,sales,Manager,ashraf.islam10outlook.com,1933606786,Rajshahi,Bangladesh,28/01/2016,-99054,INACTIVE
EMP10259,Mamun Khatun,26,Male,Logistics,Assistant Manager,mamun.khatun60@gmail.com,1755920464,Dhaka,Bangladesh,4/5/2016,39035,actve
EMP10306,Wasim Begum,-,Woman,Marketing,Associate,wasim.begum47gmail.com,1140336958,Comilla,Bangladesh,2/18/2016,110600,Inactive
EMP10193,Jamal Akter,N/A,Female,Customer Support,Associate,jamal.akter36@outlook.com,1095694165,Mymensingh,Bangladesh,2/11/2017,149154,pending
EMP11391,Marzia Khatun,59,Female,Finance,Assistant Manager,marzia.khatun93@yahoo.com,1387996267,Sylhet,Bangladesh,7/10/2024,-87499,Inactive
EMP10207,Sohel Talukder,N/A,FEMALE,Operations,Associate,,1676609249,Rangpur,Bangladesh,9/14/2018,127272,onleave
EMP11482,Dilruba Mahmud,24,F,Logistics,Head of Department,dilruba.mahmud6@outlook.com,1005900832,Sylhet,Bangladesh,6/26/2018,117209,INACTIVE
EMP10291,Shathi Uddin,55,Female,IT,Team Lead,shathi.uddin29@outlook.com,1048185782,Mymensingh,Bangladesh,2/6/2018,-91572,onleave
EMP10022,  Meherun   Biswas  ,37,Woman,Logistics,Team Lead,meherun.biswas18@outlook.com,1164996779,Mymensingh,Bangladesh,9/16/2021,137407,pending
EMP10858,  Hasan   Ali  ,38,Woman,Quality Assurance,Senior Officer,hasan.ali4@outlook.com,1679535805,Rajshahi,Bangladesh,3/2/2020,68390,Inactive
EMP11380,Kabir Begum,43,F,support,Deputy Manager,kabir.begum36@gmail.com,1866059765,Comilla,Bangladesh,7/16/2017,,On Leave
EMP10872,Hasan Islam,59,FEMALE,Operations,Senior Executive,hasan.islam1@outlook.com,145277383,Khulna,Bangladesh,,77967,inactive
EMP10118,Ayesha Rana,47,Woman,hr,Officer,ayesha.rana74yahoo.com,1743216179,Sylhet,Bangladesh,19/11/2023,38813,inactive
EMP11400,Golam Sheikh,53,F,Finance,Executive,,1099827733,Comilla,Bangladesh,17/02/2024,47477,inactive
EMP10107,Tahmina Pramanik,23,F,IT,Senior Officer,tahmina.pramanik92@gmail.com,,Gazipur,Bangladesh,10/5/2023,100556,active
EMP10984,Nasrin Hossain,,MALE,fin,Manager,nasrin.hossain1@gmail.com,126145705,Barisal,Bangladesh,7/1/2024,,On Leave
EMP10739,Rafiq Ali,24,Man,Customer Support,Assistant Manager,rafiq.ali62@gmail.com,,Khulna,BD,15-07-2022,141692,Active
EMP10622,Imran Parvin,N/A,Female,Human Resources,Head of Department,imran.parvin82@gmail.com,1200997562,Bogura,Bangladesh,13/05/2022,117055,INACTIVE
EMP11353,  Sultana   Siddiqua  ,thirty two,Man,it,Assistant Manager,,1418769341,Comilla,BD,12/3/2020,,ACTIVE
EMP10542,Ashraf Alam,32,Female,Human Resources,Senior Officer,ashraf.alam31@gmail.com,1730642654,Dhaka,Bangladesh,9/26/2015,N/A,pending
EMP10918,Nadia Sarker,24,Female,markting,Senior Executive,nadia.sarker50@yahoo.com,1051920067,Comilla,Bangladesh,22/06/2021,N/A,Active
EMP11307,Chaity Ahmed,57,F,Human Resources,Officer,chaity.ahmed27gmail.com,1586055324,Dhaka,Bangladesh,9/22/2024,111881,Inactive
EMP11490,Roksana Siddiqua,,Man,Marketing,Deputy Manager,roksana.siddiqua19@gmail.com,1842697668,Khulna,Bangladesh,6/12/2022,,in-active
EMP11197,Rehana Akter,36,F,Finance,Assistant Manager,rehana.akter42@outlook.com,1549922602,Mymensingh,Bangladesh,23/03/2020,N/A,inactive
EMP10018,Chaity Sheikh,31,M,Operations,Senior Executive,chaity.sheikh78@@gmail.com,1372978825,Bogura,Bangladesh,7/22/2020,45777,Inactive
EMP11360,Rupa Rahman,34,F,Finance,Analyst,rupa.rahman74@outlook.com,1641249636,Narayanganj,Bangladesh,,56082,Pending
EMP10422,Momtaz Haque,32,female,Finance,Deputy Manager,momtaz.haque37@yahoo.com,1958637691,Comilla,Bangladesh,8/5/2025,41822,pending
EMP10982,Sohel Molla,55,MALE,Innovation Lab,Executive,sohel.molla54@outlook.com,1731011089,Dhaka,Bangladesh,8/5/2017,90667,Active
EMP10125,Alamgir Rahman,59,male,Marketing,Analyst,alamgir.rahman40@outlook.com,1108287199,Sylhet,bangladesh,3/27/2019,101245,ACTIVE
EMP11428,Sohel Begum,30,Female,IT,Team Lead,sohel.begum1@outlook.com,1682561351,Comilla,Bangladesh,12/16/2022,100584,Suspended
EMP10763,Sadia Sheikh,thirty two,Male,Marketing,Manager,sadia.sheikh64yahoo.com,1818597040,Sylhet,Bangladesh,2/13/2023,46277,Suspended
EMP11003,Nasrin Talukder,,male,Customer Support,Junior Executive,nasrin.talukder40@yahoo.com,1585102412,Barisal,Bangladesh,9/2/2020,35740,active
EMP10343,Firoz Rana,35,F,Sales,Executive,firoz.rana79@outlook.com,1277463313,Bogura,Bangladesh,,31459,active
EMP11237,Roksana Biswas,40,female,Human Resources,Executive,roksana.biswas50@outlook.com,1444112924,Bogura,BD,12/20/2021,68144,On Leave
EMP10633,Sadia Karim,45,Man,it,Executive,sadia.karim26@gmail.com,1336108963,Rajshahi,Bangladesh,7/4/2018,134778,Pending
EMP10373,Farzana Sheikh,52,male,Marketing,Coordinator,farzana.sheikh84@gmail.com,1593414195,Barisal,Bangladesh,,N/A,inactive
EMP10323,Rowshan Mollah,26,,Human Resources,Junior Executive,rowshan.mollah77@yahoo.com,1643437114,Mymensingh,Bangladesh,2/25/2015,86160,INACTIVE
EMP11251,  Kamal   Siddiqua  ,49,Woman,logisitcs,Team Lead,kamal.siddiqua43@gmail.com,1110665438,Khulna,BD,4/26/2025,63895,in-active
EMP10501,Dilruba Begum,42,Woman,Finance,Head of Department,dilruba.begum63@outlook.com,1150243179,Dhaka,Bangladesh,1/3/2019,108590,inactive
EMP11015,Firoz Biswas,52,male,support,Coordinator,firoz.biswas48@outlook.com,1202506796,Rangpur,bangladesh,12/5/2022,107189,On Leave
EMP11462,Selim Haque,53,Male,Research & Development,Associate,selim.haque73yahoo.com,1114008942,Dhaka,Bangladesh,2/7/2019,35535,INACTIVE
EMP11134,Rafiq Parvin,,Female,Finance,Associate,rafiq.parvin70@@yahoo.com,1205880793,Gazipur,Bangladesh,6/13/2025,124678,onleave
EMP11144,Wasim Hossain,57,Female,Research & Development,Senior Officer,wasim.hossain70@yahoo.com,1213017941,Narayanganj,Bangladesh,2/4/2025,87479,inactive
EMP11275,Firoz Pramanik,,M,Human Resources,Deputy Manager,,1169519348,Mymensingh,Bangladesh,2/28/2016,unknown,Inactive
EMP10461,Tania Akter,27,female,Administration,Head of Department,tania.akter89@gmail.com,1110517805,Khulna,Bangladesh,12/8/2024,96885,active
EMP10755,Shirin Islam,59,male,Finance,Assistant Manager,shirin.islam49@@outlook.com,,Sylhet,Bangladesh,2/28/2021,27375,Inactive
EMP11259,Tanvir Khan,30,Female,Operations,Executive,tanvir.khan78@outlook.com,1188340525,Chattogram,bangladesh,31/02/2023,129339,active
EMP10438,Nasrin Pramanik,36,FEMALE,Sales,Manager,nasrin.pramanik14@@outlook.com,1568169929,Rajshahi,Bangladesh,2/10/2020,106834,actve
EMP10655,Farzana Ahmed,59,Man,Legal Affairs,Team Lead,farzana.ahmed66@@gmail.com,162405368,Narayanganj,Bangladesh,6/1/2016,76767,ACTIVE
EMP11122,Kawsar Uddin,42,Male,Administration,Coordinator,kawsar.uddin9@gmail.com,166361799,Rangpur,Bangladesh,12/16/2025,22041,On Leave
EMP11278,Rahim Sultana,30,Male,IT,Analyst,rahim.sultana62@gmail.com,1941119559,Rajshahi,Bangladesh,,-27258,onleave
EMP10612,Dilruba Rahman,43,female,Marketing,Senior Executive,dilruba.rahman36@yahoo.com,1405587691,Bogura,Bangladesh,8/7/2020,-133872,Suspended
EMP11421,Anisur Chowdhury,50,Woman,Sales,Executive,anisur.chowdhury56@outlook.com,1965568912,Comilla,Bangladesh,18-06-2020,-89438,onleave
EMP11118,Marzia Akter,59,Female,Customer Support,Coordinator,marzia.akter67@gmail.com,1819017099,Khulna,Bangladesh,19/09/2018,72017,actve
EMP10405,Rahim Akter,51,male,IT,Team Lead,rahim.akter52outlook.com,1081329905,Narayanganj,Bangladesh,26-07-2025,46304,inactive
EMP10878,Golam Ahmed,28,Female,logisitcs,Junior Executive,golam.ahmed99@yahoo.com,1063703163,Rangpur,Bangladesh,8/13/2016,69755,ACTIVE
EMP11069,Mizanur Molla,28,Female,sales,Manager,mizanur.molla66@gmail.com,163009723,Sylhet,Bangladesh,6/6/2017,Not Available,Suspended
EMP11151,  Ayesha   Akter  ,51,M,HR,Senior Officer,ayesha.akter10@outlook.com,1096886857,Sylhet,Bangladesh,11/9/2019,135591,onleave
EMP11215,Jannatul Islam,53,M,Finance,Assistant Manager,jannatul.islam75@yahoo.com,,Comilla,bangladesh,24/08/2021,104772,inactive
EMP11250,Nurjahan Sarker,56,F,Customer Support,Manager,nurjahan.sarker71@yahoo.com,Not Available,Dhaka,Bangladesh,2/18/2022,100872,pending
EMP10131,Tarek Islam,41,female,Sales,Head of Department,tarek.islam37@yahoo.com,1874273921,Khulna,Bangladesh,,146633,On Leave
EMP11388,Chaity Begum,34,Female,Administration,Manager,chaity.begum44@outlook.com,,Rajshahi,Bangladesh,4/6/2018,125224,On Leave
EMP10168,Rehana Sultana,49,F,Marketing,Executive,rehana.sultana99@yahoo.com,,Narayanganj,Bangladesh,31/02/2023,40589,actve
EMP10478,Rafiq Siddiqua,29,FEMALE,Marketing,Senior Officer,rafiq.siddiqua26@outlook.com,1798325439,Comilla,Bangladesh,13-07-2015,Not Available,On Leave
EMP11329,Sohel Hossain,24,female,Sales,Head of Department,sohel.hossain76@yahoo.com,1424590927,Rajshahi,Bangladesh,10/1/2015,114583,onleave
EMP10690,Sohel Uddin,43,Man,fin,Head of Department,sohel.uddin75@yahoo.com,1922085152,Narayanganj,Bangladesh,27-09-2016,144687,INACTIVE
EMP10792,Ashraf Karim,,Female,Human Resources,Officer,ashraf.karim26@gmail.com,1157579406,Rangpur,BD,8/2/2019,32799,Inactive
EMP10223,Habibur Miah,39,male,Logistics,Deputy Manager,habibur.miah18@@yahoo.com,1422485190,Comilla,Bangladesh,4/8/2017,112896,Active
EMP10431,Rubel Chowdhury,,Man,Human Resources,Deputy Manager,rubel.chowdhury60@outlook.com,1759917408,Dhaka,Bangladesh,31/02/2023,unknown,Suspended
EMP10154,Mamun Molla,-,F,Human Resources,Associate,mamun.molla16@outlook.com,1106445102,Dhaka,Bangladesh,10/22/2015,-64046,ACTIVE
EMP10680,Nurjahan Siddiqua,22,female,it,Coordinator,nurjahan.siddiqua67@gmail.com,1902046783,Dhaka,Bangladesh,27/06/2020,120565,Inactive
EMP10005,Anisur Biswas,36,female,Innovation Lab,Officer,,1548285468,Dhaka,Bangladesh,11/9/2019,126341,actve
EMP10178,Rehana Chowdhury,,Female,Marketing,Junior Executive,rehana.chowdhury23@gmail.com,1803771868,Chattogram,BD,2/20/2022,85976,Active
EMP11240,Nadia Parvin,54,male,Logistics,Senior Executive,nadia.parvin30@outlook.com,1847250563,Sylhet,Bangladesh,7/14/2015,24123,in-active
EMP10592,Yusuf Sultana,59,MALE,fin,Manager,yusuf.sultana25@gmail.com,103289288,Bogura,Bangladesh,4/18/2023,95363,
EMP10967,Mahfuz Islam,47,F,Logistics,Senior Executive,mahfuz.islam47@yahoo.com,1404006879,Narayanganj,Bangladesh,5/17/2017,114113,onleave
EMP10294,  Sajib   Molla  ,46,female,Sales,Officer,sajib.molla42gmail.com,1847504696,Dhaka,Bangladesh,10/10/2018,129128,Inactive
EMP10220,Mamun Siddiqua,35,F,Finance,Manager,mamun.siddiqua83@yahoo.com,1212296144,Khulna,Bangladesh,10/4/2023,,onleave
EMP10555,Momtaz Chowdhury,,MALE,Finance,Executive,momtaz.chowdhury23@yahoo.com,1737986208,Rajshahi,Bangladesh,6/14/2022,98557,INACTIVE
EMP11346,Arif Sultana,54,,it,Manager,arif.sultana95gmail.com,1930225940,Rajshahi,Bangladesh,1/8/2019,88361,Suspended
EMP11430,Kamal Sheikh,22,FEMALE,Sales,Deputy Manager,kamal.sheikh40@yahoo.com,1809348030,Mymensingh,Bangladesh,24-05-2015,98011,pending
EMP10862,Dilruba Molla,twenty five,Female,markting,Executive,dilruba.molla56@@gmail.com,1752229166,Bogura,Bangladesh,12/1/2018,-72385,inactive
EMP11262,Farzana Khatun,41,FEMALE,Human Resources,Coordinator,farzana.khatun88@outlook.com,,Comilla,Bangladesh,8/6/2016,141724,Pending
EMP11459,  Meherun   Siddiqua  ,23,,fin,Executive,meherun.siddiqua53@yahoo.com,1075469700,Comilla,Bangladesh,9/4/2025,unknown,inactive
EMP11411,Nadia Haque,49,male,IT,Team Lead,nadia.haque10@yahoo.com,190239859,Barisal,Bangladesh,4/18/2018,Not Available,Active
EMP10248,Fatima Biswas,34,F,Business Intelligence,Manager,fatima.biswas91@outlook.com,1728365504,Rajshahi,Bangladesh,31/02/2023,149935,Suspended
EMP10946,Kabir Karim,43,Woman,Legal Affairs,Analyst,kabir.karim73@yahoo.com,1169361751,Khulna,BD,10/16/2016,-29832,Pending
EMP11461,Rubel Sultana,50,Female,Marketing,Senior Officer,rubel.sultana48@gmail.com,1114421563,Comilla,Bangladesh,21/06/2023,118177,Suspended
EMP11089,Rashed Talukder,29,Man,I.T.,Senior Executive,rashed.talukder5@outlook.com,1649861715,Sylhet,Bangladesh,5/11/2022,,pending
EMP11169,Meherun Islam,41,M,Administration,Analyst,meherun.islam77@gmail.com,1784089212,Bogura,Bangladesh,1/8/2018,26172,Active
EMP11438,Tania Biswas,50,Male,Administration,Officer,tania.biswas63gmail.com,Not Available,Chattogram,BD,8/10/2018,43174,INACTIVE
EMP10629,Mamun Sheikh,,male,Sales,Team Lead,mamun.sheikh38@outlook.com,1993668303,Mymensingh,Bangladesh,6/8/2025,127521,pending
EMP11302,Meherun Ali,22,Man,Procurement,Senior Officer,meherun.ali55@yahoo.com,1801759097,Gazipur,Bangladesh,8/24/2024,110159,actve
EMP11312,Firoz Uddin,41,FEMALE,Business Intelligence,Associate,firoz.uddin55@yahoo.com,,Bogura,Bangladesh,16-01-2023,42218,pending
EMP10704,Jamal Hossain,34,M,Human Resources,Coordinator,jamal.hossain93@yahoo.com,Not Available,Sylhet,Bangladesh,4/11/2022,141325,actve
EMP10360,Chaity Sultana,31,MALE,Administration,Head of Department,chaity.sultana99@@outlook.com,,Khulna,Bangladesh,25/06/2015,131613,pending
EMP10871,Salma Sheikh,53,M,Sales,Deputy Manager,salma.sheikh4@gmail.com,1132314428,Dhaka,Bangladesh,4/14/2024,25928,On Leave
EMP11045,  Kabir   Uddin  ,,M,Marketing,Associate,kabir.uddin67@outlook.com,1724545880,Rangpur,Bangladesh,27-12-2018,34367,INACTIVE
EMP10901,Mamun Mahmud,34,Male,Sales,Senior Executive,mamun.mahmud28@yahoo.com,,Dhaka,Bangladesh,7/26/2025,63570,ACTIVE
EMP10315,Rafiq Rana,22,Female,Human Resources,Team Lead,rafiq.rana64@outlook.com,1461793380,Comilla,Bangladesh,12/13/2015,-134512,pending
EMP11009,Jamal Begum,55,Male,Finance,Senior Officer,jamal.begum83@yahoo.com,1880986142,Barisal,Bangladesh,7/27/2022,-99969,Suspended
EMP10362,Golam Akter,,female,Human Resources,Senior Executive,golam.akter38@gmail.com,1627168871,Sylhet,Bangladesh,3/24/2016,-88359,onleave
EMP10781,Poppy Alam,thirty two,M,Sales,Executive,poppy.alam88@outlook.com,142577006,Bogura,Bangladesh,9/17/2017,,
EMP10791,Firoz Sultana,45,MALE,Human Resources,Analyst,firoz.sultana64@gmail.com,1490557225,Mymensingh,Bangladesh,24-04-2018,115141,ACTIVE
EMP10496,Shirina Begum,49,Man,Administration,Senior Officer,shirina.begum85@outlook.com,1424856753,Chattogram,bangladesh,4/1/2021,98569,inactive
EMP10504,Ashraf Parvin,,MALE,Customer Support,Associate,ashraf.parvin8@@gmail.com,1981300704,Rangpur,Bangladesh,2/24/2018,123529,inactive
EMP11245,Firoz Karim,38,MALE,markting,Team Lead,firoz.karim69@gmail.com,1402258246,Sylhet,Bangladesh,1/12/2015,146026,pending
EMP10235,Momtaz Biswas,N/A,Man,HR,Junior Executive,momtaz.biswas13@@outlook.com,1589098114,Rajshahi,bangladesh,4/11/2015,44093,Suspended
EMP11231,Nadia Mollah,-,Man,Finance,Assistant Manager,nadia.mollah47@outlook.com,1408871895,Gazipur,Bangladesh,5/16/2022,143271,Pending
EMP11036,Nasima Pramanik,55,MALE,IT,Manager,nasima.pramanik60@yahoo.com,1543175424,Dhaka,Bangladesh,10/20/2025,-38205,INACTIVE
EMP11210,Shirin Pramanik,28,F,Logistics,Team Lead,shirin.pramanik75@gmail.com,1348583060,Rajshahi,Bangladesh,12/5/2021,70257,pending
EMP10104,Nasima Ahmed,N/A,Woman,IT,Head of Department,nasima.ahmed98@outlook.com,1797370099,Narayanganj,Bangladesh,7/21/2015,125210,actve
EMP10132,Momtaz Pramanik,48,Woman,Operations,Manager,momtaz.pramanik48@gmail.com,Not Available,Comilla,Bangladesh,,,On Leave
EMP10213,Arif Akter,56,,IT,Assistant Manager,arif.akter8@outlook.com,1407393020,Khulna,Bangladesh,11/2/2015,148355,actve
EMP10426,Poppy Sheikh,n/a,Male,Customer Support,Head of Department,poppy.sheikh52@@outlook.com,,Rajshahi,Bangladesh,22-07-2021,50031,INACTIVE
EMP11029,Karim Karim,n/a,Female,Logistics,Senior Officer,karim.karim84@gmail.com,1220087016,Comilla,Bangladesh,24-02-2025,N/A,onleave
EMP10011,Habibur Sultana,50,male,Sales,Executive,habibur.sultana41@yahoo.com,1424208086,Gazipur,Bangladesh,,37697,Active
EMP10205,Fatima Begum,42,Female,Operations,Analyst,fatima.begum53@gmail.com,,Sylhet,Bangladesh,2/8/2017,125943,ACTIVE
EMP10785,  Nasrin   Hossain  ,57,Woman,Research & Development,Junior Executive,nasrin.hossain68@gmail.com,1433029621,Comilla,bangladesh,4/3/2023,23323,pending
EMP10635,  Habibur   Ahmed  ,48,Woman,HR,Head of Department,habibur.ahmed32@gmail.com,1476514390,Khulna,Bangladesh,7/4/2024,100013,actve
EMP10953,Rehana Bhuiyan,51,Man,Legal Affairs,Deputy Manager,rehana.bhuiyan33@gmail.com,,Bogura,Bangladesh,,58248,inactive
EMP11414,Kawsar Sultana,27,Male,HR,Analyst,kawsar.sultana89@yahoo.com,153143601,Rajshahi,Bangladesh,12/21/2020,-31314,Pending
EMP10377,Bashir Sultana,59,MALE,markting,Team Lead,bashir.sultana44@gmail.com,Not Available,Dhaka,Bangladesh,6/17/2018,109472,ACTIVE
EMP10601,  Nasir   Chowdhury  ,47,Woman,Quality Assurance,Senior Executive,,1273549954,Chattogram,Bangladesh,6/28/2023,,INACTIVE
EMP11183,Hasan Karim,24,F,Sales,Analyst,hasan.karim30@gmail.com,1540812359,Bogura,Bangladesh,21-10-2020,130245,inactive
EMP10740,Habibur Chowdhury,32,Woman,Sales,Senior Officer,habibur.chowdhury69@yahoo.com,132763757,Rajshahi,Bangladesh,3/1/2018,129918,ACTIVE
EMP10065,Afroza Sheikh,,Male,Customer Support,Team Lead,afroza.sheikh35@outlook.com,1331761570,Narayanganj,Bangladesh,7/12/2016,Not Available,in-active
EMP10284,Selim Biswas,22,male,Research & Development,Assistant Manager,selim.biswas19@gmail.com,Not Available,Mymensingh,Bangladesh,25-10-2018,87696,
EMP11123,Ashraf Mollah,37,F,Finance,Senior Officer,ashraf.mollah3@outlook.com,,Comilla,Bangladesh,24/07/2018,120084,Active
EMP10450,Jamal Chowdhury,39,Female,Procurement,Coordinator,jamal.chowdhury35@gmail.com,1798479721,Rangpur,Bangladesh,5/16/2016,54565,On Leave
EMP10064,Momtaz Parvin,twenty five,female,HR,Assistant Manager,momtaz.parvin21@@yahoo.com,120596722,Chattogram,Bangladesh,11/20/2024,110263,Inactive
EMP11159,Poppy Khan,52,M,Administration,Senior Officer,poppy.khan88@outlook.com,1895203592,Dhaka,Bangladesh,26/05/2022,122276,On Leave
EMP10616,Momtaz Begum,39,,IT,Deputy Manager,momtaz.begum53@yahoo.com,,Gazipur,Bangladesh,1/1/2020,135800,in-active
EMP11257,Poppy Islam,57,FEMALE,Human Resources,Coordinator,poppy.islam54@outlook.com,1658242929,Dhaka,Bangladesh,9/20/2020,72130,actve
EMP10733,Habibur Rana,43,FEMALE,Finance,Deputy Manager,habibur.rana60@gmail.com,1448377349,Rajshahi,Bangladesh,1/9/2018,122786,inactive
EMP10347,Kawsar Mahmud,39,Female,support,Deputy Manager,,1752526957,Mymensingh,Bangladesh,,44438,Active
EMP10713,Hasan Uddin,30,female,Operations,Senior Executive,hasan.uddin79@outlook.com,1271979587,Rajshahi,Bangladesh,6/5/2015,-84296,INACTIVE
EMP10531,Ayesha Uddin,52,MALE,Logistics,Coordinator,ayesha.uddin54@outlook.com,147386148,Chattogram,Bangladesh,6/5/2015,128451,Inactive
EMP10455,  Delwar   Uddin  ,23,Female,it,Officer,delwar.uddin45@gmail.com,1577711129,Chattogram,Bangladesh,27/01/2021,97430,ACTIVE
EMP11018,Shirin Sultana,55,female,Logistics,Manager,shirin.sultana1@outlook.com,1681289228,Barisal,Bangladesh,14/03/2022,130566,active
EMP11479,Selim Akter,50,Woman,Innovation Lab,Senior Executive,selim.akter14@yahoo.com,1352994258,Comilla,BD,12/22/2021,123823,Inactive
EMP11247,Anwar Uddin,44,Male,Operations,Deputy Manager,anwar.uddin12@@outlook.com,180436941,Rangpur,Bangladesh,19/01/2024,Not Provided,On Leave
EMP10525,Zahid Pramanik,48,Man,Legal Affairs,Senior Executive,,1285600646,Comilla,Bangladesh,2/8/2024,-25530,actve
EMP11174,Tahmina Sheikh,56,Female,Human Resources,Executive,tahmina.sheikh53@gmail.com,1089820523,Rajshahi,Bangladesh,18/11/2016,60685,ACTIVE
EMP10356,Wasim Khatun,,Woman,IT,Executive,wasim.khatun41@yahoo.com,1817667352,Comilla,Bangladesh,28-07-2018,N/A,in-active
EMP11437,Firoz Rahman,n/a,,Quality Assurance,Manager,,1986979555,Khulna,Bangladesh,18/06/2015,-40568,actve
EMP10717,Nasir Siddiqua,27,Woman,Logistics,Senior Executive,,1729760398,Mymensingh,Bangladesh,10/4/2016,44050,Suspended
EMP11441,Lubna Sarker,,female,Quality Assurance,Senior Officer,lubna.sarker41@outlook.com,1256735345,Narayanganj,BD,,,inactive
EMP11318,Sadia Uddin,39,FEMALE,IT,Junior Executive,sadia.uddin3@yahoo.com,1347585435,Rajshahi,Bangladesh,15/11/2015,134304,onleave
EMP10691,  Rahim   Parvin  ,N/A,Woman,Customer Support,Senior Officer,rahim.parvin35@outlook.com,1355354681,Gazipur,Bangladesh,6/9/2025,70149,INACTIVE
EMP10214,Arif Chowdhury,,Woman,hr,Analyst,arif.chowdhury12@yahoo.com,1538526427,Gazipur,Bangladesh,4/26/2018,90525,Active
EMP10923,Sultana Mollah,54,female,Sales,Head of Department,,1553550449,Gazipur,Bangladesh,6/1/2017,52109,actve
EMP11260,Jannatul Siddiqua,29,male,Sales,Senior Officer,jannatul.siddiqua86@yahoo.com,1778034293,Rangpur,Bangladesh,4/19/2022,77138,active
EMP10439,Faruk Ahmed,43,male,Logistics,Officer,faruk.ahmed88@yahoo.com,1424626533,Khulna,Bangladesh,9/12/2023,123147,actve
EMP10656,  Salma   Khatun  ,-,Female,Administration,Manager,salma.khatun11yahoo.com,,Dhaka,bangladesh,7/1/2024,26067,Pending
EMP10144,Meherun Chowdhury,39,Woman,Customer Support,Junior Executive,meherun.chowdhury45@outlook.com,,Barisal,Bangladesh,7/1/2018,101932,INACTIVE
EMP10497,Rehana Rana,39,female,sales,Senior Officer,rehana.rana44@outlook.com,1502757711,Mymensingh,Bangladesh,1/4/2015,unknown,ACTIVE
EMP10184,Parveen Sheikh,39,M,Business Intelligence,Coordinator,parveen.sheikh73@outlook.com,,Gazipur,Bangladesh,9/21/2022,N/A,onleave
EMP10885,Poppy Islam,53,MALE,Business Intelligence,Analyst,poppy.islam47@outlook.com,Not Available,Barisal,BD,8/19/2022,138637,pending
EMP10700,Anwar Begum,42,Male,Administration,Deputy Manager,anwar.begum72@yahoo.com,,Barisal,Bangladesh,5/20/2018,23409,Inactive
EMP11370,Kabir Rahman,36,F,ops,Officer,kabir.rahman38@outlook.com,1025405362,Narayanganj,Bangladesh,7/22/2025,N/A,On Leave
EMP10129,Nazmul Khan,29,MALE,Human Resources,Senior Executive,nazmul.khan20@gmail.com,1185572166,Dhaka,Bangladesh,16/01/2015,-130988,Active
EMP10507,Tarek Karim,52,Woman,sales,Coordinator,tarek.karim72@outlook.com,1408337058,Rangpur,Bangladesh,8/15/2019,-27458,On Leave
EMP10605,Nadia Pramanik,n/a,male,logisitcs,Senior Executive,nadia.pramanik3@gmail.com,1535984549,Dhaka,Bangladesh,3/1/2016,135094,INACTIVE
EMP10779,Ashraf Rahman,twenty five,female,IT,Senior Officer,ashraf.rahman83yahoo.com,1671547252,Dhaka,Bangladesh,31/02/2023,129661,On Leave
EMP10334,Mahfuz Begum,46,male,Procurement,Deputy Manager,mahfuz.begum16@outlook.com,1015962050,Comilla,Bangladesh,12/12/2019,85993,Suspended
EMP10847,  Delwar   Mahmud  ,29,male,I.T.,Assistant Manager,delwar.mahmud54@gmail.com,1904357934,Chattogram,Bangladesh,10/1/2017,-57506,Active
EMP10048,Nurjahan Mahmud,57,MALE,support,Analyst,nurjahan.mahmud29@@gmail.com,1408640618,Narayanganj,Bangladesh,6/6/2020,25583,in-active
EMP10073,Zahid Siddiqua,,F,Sales,Coordinator,zahid.siddiqua86@outlook.com,115089033,Khulna,Bangladesh,11/22/2022,45080,active
EMP11434,Roksana Alam,,female,fin,Coordinator,roksana.alam33@yahoo.com,1864515471,Barisal,bangladesh,12/5/2024,90590,Inactive
EMP11492,Rupa Chowdhury,34,male,Customer Support,Deputy Manager,rupa.chowdhury40@yahoo.com,,Mymensingh,Bangladesh,10/7/2019,98617,Pending
EMP10215,Nasrin Pramanik,27,Man,it,Junior Executive,nasrin.pramanik68@outlook.com,1827813645,Mymensingh,Bangladesh,14-02-2024,-127587,Suspended
EMP11381,Faruk Alam,57,female,markting,Assistant Manager,faruk.alam20@yahoo.com,1890203489,Gazipur,Bangladesh,28/05/2015,28888,pending
EMP11491,Selim Pramanik,50,female,Operations,Manager,selim.pramanik85@@yahoo.com,1810480425,Narayanganj,Bangladesh,7/9/2024,134692,inactive
EMP10251,Tarek Khan,,Male,admin,Associate,,1073309769,Barisal,Bangladesh,26-10-2024,55925,
EMP10042,Ruma Rahman,35,F,Human Resources,Deputy Manager,ruma.rahman58@gmail.com,1696071625,Rajshahi,Bangladesh,11/19/2020,-52575,Pending
EMP10176,Sultana Chowdhury,N/A,Male,HR,Assistant Manager,,1724259473,Bogura,Bangladesh,10/14/2017,44881,active
EMP10712,Nazmul Uddin,n/a,FEMALE,Logistics,Head of Department,nazmul.uddin82@gmail.com,1518737833,Bogura,Bangladesh,17-07-2024,148103,inactive
EMP10483,Kamal Siddiqua,24,FEMALE,Administration,Junior Executive,kamal.siddiqua81@gmail.com,1933223988,Narayanganj,Bangladesh,7/11/2016,64571,onleave
EMP11093,Zahid Bhuiyan,49,FEMALE,sales,Officer,zahid.bhuiyan9@outlook.com,Not Available,Barisal,Bangladesh,18/10/2020,-141678,actve
EMP10556,Delwar Khan,,female,Marketing,Associate,delwar.khan72yahoo.com,1168391069,Sylhet,Bangladesh,4/26/2016,48128,Active
EMP10652,Farzana Ali,50,M,Customer Support,Assistant Manager,farzana.ali66@@outlook.com,1217388173,Dhaka,bangladesh,3/6/2020,,
EMP11164,Rubel Ali,twenty five,FEMALE,Finance,Assistant Manager,rubel.ali26@gmail.com,1706751523,Comilla,Bangladesh,12/1/2021,30567,Inactive
EMP10907,Tarek Rahman,57,Woman,Marketing,Team Lead,tarek.rahman45@outlook.com,1393786322,Rangpur,Bangladesh,12/3/2021,148036,Inactive
EMP10687,Shahana Uddin,,Woman,Customer Support,Senior Executive,shahana.uddin25@yahoo.com,1487112016,Narayanganj,Bangladesh,,85559,INACTIVE
EMP11341,Shirin Miah,,FEMALE,IT,Analyst,shirin.miah63@outlook.com,1281170753,Mymensingh,BD,1/11/2025,-82466,onleave
EMP11185,Roksana Hossain,24,male,Logistics,Team Lead,roksana.hossain58@yahoo.com,1189777350,Rangpur,Bangladesh,12/4/2019,71956,active
EMP10512,Sultana Parvin,thirty two,M,Marketing,Executive,sultana.parvin37@@outlook.com,1547351601,Rajshahi,Bangladesh,11/3/2015,53409,
EMP11498,Sajib Sultana,26,female,Research & Development,Senior Officer,sajib.sultana44@yahoo.com,1241137162,Mymensingh,Bangladesh,12/19/2024,112613,actve
EMP11418,Delwar Bhuiyan,54,female,it,Senior Executive,delwar.bhuiyan43@outlook.com,1444991031,Rangpur,Bangladesh,12/3/2024,87543,INACTIVE
EMP10030,  Shirin   Uddin  ,25,female,IT,Senior Officer,shirin.uddin3@yahoo.com,1282510797,Gazipur,Bangladesh,17-10-2024,73846,Active
EMP10689,Rowshan Akter,56,Man,Finance,Senior Officer,rowshan.akter94@yahoo.com,1763132473,Sylhet,Bangladesh,7/9/2023,92794,ACTIVE
EMP11303,Iqbal Parvin,thirty two,Male,Marketing,Associate,,1883059364,Barisal,Bangladesh,5/14/2022,23481,in-active
EMP10312,Shirina Rahman,,male,Operations,Analyst,,,Dhaka,Bangladesh,8/2/2023,141857,in-active
EMP11363,Shirin Molla,58,F,Operations,Junior Executive,shirin.molla63@yahoo.com,1184235270,Chattogram,Bangladesh,12/26/2024,147477,inactive
EMP10583,Selim Karim,twenty five,FEMALE,Customer Support,Executive,selim.karim64@yahoo.com,1772425287,Khulna,Bangladesh,10/20/2024,,actve
EMP10495,Kabir Rahman,40,MALE,it,Junior Executive,kabir.rahman81@@gmail.com,,Barisal,Bangladesh,1/10/2020,144622,Inactive
EMP10658,Bashir Miah,56,male,Operations,Head of Department,bashir.miah85@gmail.com,1606960484,Barisal,Bangladesh,8/28/2018,108031,actve
EMP10288,Anisur Bhuiyan,33,F,Research & Development,Officer,anisur.bhuiyan88@yahoo.com,1016069553,Chattogram,Bangladesh,31/02/2023,-84822,Pending
EMP10661,Tarek Ali,57,Female,Marketing,Team Lead,tarek.ali11@outlook.com,1494114771,Dhaka,Bangladesh,,-111060,Suspended
EMP10334,Mahfuz Begum,46,male,Procurement,Deputy Manager,mahfuz.begum16@outlook.com,1015962050,Comilla,Bangladesh,12/12/2019,85993,Suspended
EMP10050,Bashir Karim,49,FEMALE,IT,Team Lead,bashir.karim58@outlook.com,1753560164,Comilla,Bangladesh,,80364,ACTIVE
EMP11280,Rahim Khan,22,F,IT,Manager,rahim.khan54@yahoo.com,113831646,Bogura,Bangladesh,2/4/2025,139998,inactive
EMP10467,Selim Rahman,36,Female,hr,Coordinator,selim.rahman58@outlook.com,Not Available,Sylhet,bangladesh,19-02-2022,118983,On Leave
EMP10218,Salma Bhuiyan,,male,IT,Associate,salma.bhuiyan68@gmail.com,1429877673,Mymensingh,Bangladesh,7/10/2021,,ACTIVE
EMP10956,Nasir Uddin,34,M,Logistics,Assistant Manager,nasir.uddin15gmail.com,131551192,Barisal,Bangladesh,14-12-2018,-60562,Active
EMP11420,  Tarek   Rana  ,,female,Sales,Head of Department,tarek.rana37@outlook.com,,Bogura,Bangladesh,5/11/2022,Not Available,in-active
EMP10148,Lubna Haque,22,Man,IT,Junior Executive,lubna.haque3@gmail.com,1566930242,Rajshahi,Bangladesh,2/6/2024,unknown,in-active
EMP10440,Momtaz Parvin,26,male,Human Resources,Head of Department,momtaz.parvin74@yahoo.com,1416701101,Comilla,Bangladesh,10/19/2018,127788,On Leave
EMP10219,Sohel Parvin,59,male,Human Resources,Associate,,1541951929,Narayanganj,Bangladesh,3/12/2020,-92957,Active
EMP11429,Firoz Miah,56,female,Finance,Head of Department,firoz.miah20@yahoo.com,1739972639,Narayanganj,Bangladesh,6/5/2022,-74951,On Leave
EMP10493,Jamal Mahmud,,F,Legal Affairs,Team Lead,jamal.mahmud31@outlook.com,1021514545,Sylhet,Bangladesh,27-11-2017,96401,active
EMP10072,  Arif   Mollah  ,29,male,Human Resources,Senior Officer,arif.mollah70@yahoo.com,1659721473,Comilla,Bangladesh,3/9/2025,88735,ACTIVE
EMP10925,Sabbir Biswas,31,Male,Research & Development,Analyst,sabbir.biswas48@gmail.com,111902127,Sylhet,Bangladesh,9/6/2015,56707,Suspended
EMP11286,  Arif   Ahmed  ,57,Woman,markting,Executive,arif.ahmed87@gmail.com,1348838440,Rajshahi,Bangladesh,6/25/2023,23068,actve
EMP10390,Hasan Rana,-,M,Finance,Officer,hasan.rana63@@outlook.com,1101757320,Rangpur,Bangladesh,28-02-2024,26366,pending
EMP11332,Delwar Bhuiyan,,female,sales,Junior Executive,delwar.bhuiyan65@gmail.com,Not Available,Rajshahi,Bangladesh,27/04/2018,86694,onleave
EMP10578,Alamgir Bhuiyan,34,FEMALE,Legal Affairs,Officer,alamgir.bhuiyan77@gmail.com,1564283877,Comilla,Bangladesh,18/09/2018,-104594,in-active
EMP10532,Delwar Parvin,46,Female,Innovation Lab,Assistant Manager,delwar.parvin1@yahoo.com,Not Available,Rajshahi,Bangladesh,6/27/2016,43006,active
EMP11012,  Nasir   Miah  ,37,FEMALE,IT,Head of Department,nasir.miah36@outlook.com,1514101325,Khulna,Bangladesh,,Not Provided,active
EMP11452,Afroza Mahmud,,Man,Operations,Senior Officer,afroza.mahmud34@gmail.com,1358410495,Narayanganj,Bangladesh,7/8/2025,Not Available,onleave
EMP10165,Faruk Karim,,male,Legal Affairs,Junior Executive,faruk.karim12@gmail.com,1640500051,Comilla,Bangladesh,12/10/2021,63144,INACTIVE
EMP10263,Mizanur Alam,-,Female,logisitcs,Executive,,1165343845,Comilla,bangladesh,3/5/2024,24067,INACTIVE
EMP10111,Faruk Molla,,Male,Sales,Deputy Manager,faruk.molla98@yahoo.com,1549029455,Rajshahi,Bangladesh,8/5/2016,22841,Inactive
EMP10430,Tania Mahmud,48,male,ops,Head of Department,tania.mahmud72@outlook.com,1791816574,Comilla,Bangladesh,31/02/2023,,Inactive
EMP10252,Lubna Siddiqua,50,Female,Operations,Senior Officer,,1125108146,Comilla,bangladesh,10/27/2021,145834,INACTIVE
EMP10353,Yusuf Chowdhury,45,male,it,Head of Department,yusuf.chowdhury9@yahoo.com,1175887732,Chattogram,Bangladesh,10/7/2024,49055,Active
EMP10234,  Dilruba   Haque  ,49,FEMALE,Sales,Executive,dilruba.haque30@gmail.com,1270823756,Barisal,Bangladesh,6/8/2021,126066,active
EMP10715,Sohel Parvin,25,M,Finance,Junior Executive,sohel.parvin20@gmail.com,1834276376,Chattogram,Bangladesh,8/11/2020,96960,active
EMP10756,Chaity Chowdhury,29,female,Finance,Senior Executive,chaity.chowdhury25@gmail.com,1924721313,Rajshahi,Bangladesh,8/9/2022,107653,active
EMP10686,Hasan Hossain,55,male,IT,Senior Officer,hasan.hossain84@yahoo.com,,Mymensingh,BD,3/16/2019,22059,Suspended
EMP10402,  Jannatul   Bhuiyan  ,58,FEMALE,Operations,Senior Officer,jannatul.bhuiyan36@gmail.com,1568082282,Gazipur,Bangladesh,12/22/2021,73846,On Leave
EMP10697,Dilruba Biswas,56,,it,Assistant Manager,dilruba.biswas83@outlook.com,1469644412,Barisal,Bangladesh,4/26/2016,144281,Suspended
EMP10619,Karim Siddiqua,twenty five,M,HR,Associate,karim.siddiqua8@gmail.com,1328216228,Gazipur,Bangladesh,1/25/2020,109641,Suspended
EMP11043,Shakil Chowdhury,44,female,Human Resources,Deputy Manager,shakil.chowdhury34@outlook.com,1560099721,Dhaka,Bangladesh,26/10/2019,-69965,On Leave
EMP10393,Anwar Chowdhury,56,Man,Innovation Lab,Officer,anwar.chowdhury61@yahoo.com,158414644,Dhaka,Bangladesh,10/13/2020,122459,Pending
EMP11168,Nasrin Uddin,40,Man,Procurement,Officer,nasrin.uddin25@outlook.com,1527300740,Khulna,Bangladesh,8/8/2022,112989,pending
EMP10597,Kamal Pramanik,36,Female,Administration,Manager,kamal.pramanik11@@gmail.com,,Sylhet,BD,6/12/2021,128408,pending
EMP11188,Marzia Siddiqua,56,Woman,sales,Executive,marzia.siddiqua46@outlook.com,,Gazipur,Bangladesh,12/11/2016,N/A,
EMP11295,Parveen Siddiqua,54,M,IT,Coordinator,parveen.siddiqua85@gmail.com,1228537128,Rajshahi,Bangladesh,1/4/2022,137114,Suspended
EMP10216,Yusuf Mollah,,Man,Marketing,Manager,yusuf.mollah14@yahoo.com,1614404801,Sylhet,Bangladesh,5/13/2025,24537,inactive
EMP10579,Parveen Mahmud,46,,Marketing,Officer,parveen.mahmud29@yahoo.com,1921954338,Narayanganj,bangladesh,27/06/2017,62515,
EMP10808,Kabir Mahmud,30,M,Legal Affairs,Manager,,1460332706,Mymensingh,Bangladesh,14-01-2024,143549,inactive
EMP10401,Nasir Ali,51,F,Operations,Senior Officer,nasir.ali57@yahoo.com,1832787482,Chattogram,Bangladesh,31/02/2023,-97668,On Leave
EMP10267,Shathi Hossain,59,M,Business Intelligence,Executive,shathi.hossain52@outlook.com,Not Available,Mymensingh,Bangladesh,31/02/2023,-83809,ACTIVE
EMP10537,Sajib Pramanik,50,Male,it,Executive,sajib.pramanik12@yahoo.com,1004251840,Gazipur,Bangladesh,21-03-2025,50512,actve
EMP10646,Meherun Pramanik,n/a,female,Human Resources,Head of Department,meherun.pramanik82@outlook.com,1936919404,Barisal,Bangladesh,6/9/2015,129040,active
EMP10473,Nasrin Khan,n/a,Man,Administration,Executive,nasrin.khan60@yahoo.com,1542538030,Bogura,Bangladesh,21-02-2018,68416,actve
EMP10750,Mamun Karim,22,Woman,Sales,Assistant Manager,mamun.karim75@outlook.com,1733753859,Comilla,Bangladesh,4/4/2025,84862,Suspended
EMP11471,Sadia Sarker,,M,Procurement,Head of Department,sadia.sarker73@outlook.com,113576244,Narayanganj,Bangladesh,,-127339,actve
EMP11181,Nasrin Akter,38,M,Finance,Coordinator,nasrin.akter3@@outlook.com,1152641904,Khulna,Bangladesh,26-02-2025,94957,onleave
EMP11401,Habibur Sarker,25,male,Research & Development,Senior Officer,habibur.sarker99@outlook.com,1271385551,Sylhet,Bangladesh,8/12/2017,142785,actve
EMP10400,Kabir Rahman,45,M,Research & Development,Team Lead,kabir.rahman9@yahoo.com,1745337709,Chattogram,Bangladesh,,N/A,ACTIVE
EMP11136,Iqbal Uddin,54,female,Marketing,Coordinator,iqbal.uddin55@gmail.com,1680102488,Khulna,Bangladesh,13-07-2016,82257,Pending
EMP10540,Wasim Bhuiyan,45,F,logisitcs,Senior Officer,,1647184423,Sylhet,BD,3/12/2016,149059,Suspended
EMP11345,Nasima Sarker,twenty five,male,Sales,Deputy Manager,nasima.sarker37@outlook.com,1301995499,Narayanganj,Bangladesh,20/08/2016,-58620,On Leave
EMP10927,Sadia Ali,56,FEMALE,IT,Associate,sadia.ali90@outlook.com,1863645815,Mymensingh,Bangladesh,7/28/2025,106802,active
EMP10770,Nasima Sultana,41,Woman,Sales,Manager,nasima.sultana23@gmail.com,1884926856,Dhaka,bangladesh,12/8/2022,-125560,pending
EMP10565,  Hasan   Sheikh  ,,F,Customer Support,Senior Officer,hasan.sheikh74@yahoo.com,Not Available,Mymensingh,Bangladesh,25/03/2020,105051,Pending
EMP10053,Fatima Rana,30,female,it,Coordinator,fatima.rana40@gmail.com,,Chattogram,Bangladesh,6/11/2019,100989,in-active
EMP11425,  Roksana   Akter  ,49,MALE,admin,Head of Department,roksana.akter47@yahoo.com,1342517356,Chattogram,Bangladesh,10/6/2019,-95149,active
EMP10183,Meherun Uddin,47,Female,logisitcs,Head of Department,meherun.uddin98@yahoo.com,1442926556,Gazipur,Bangladesh,31/02/2023,38896,Suspended
EMP10199,Mizanur Rana,25,Female,Marketing,Team Lead,,,Dhaka,Bangladesh,1/12/2022,-130964,active
EMP11157,Rafiq Chowdhury,30,,Customer Support,Associate,rafiq.chowdhury95@outlook.com,1099955489,Narayanganj,Bangladesh,,-132922,ACTIVE
EMP10818,Zahid Khan,,Female,Human Resources,Team Lead,zahid.khan98@@yahoo.com,1585422444,Dhaka,Bangladesh,4/1/2017,138907,in-active
EMP11047,Ruma Bhuiyan,35,M,Administration,Officer,ruma.bhuiyan59@yahoo.com,1398150934,Dhaka,Bangladesh,11/5/2021,-102647,Pending
EMP10230,Rowshan Talukder,54,Man,hr,Senior Executive,rowshan.talukder33@yahoo.com,1289299635,Chattogram,Bangladesh,11/3/2021,65288,INACTIVE
EMP11150,Karim Talukder,,M,Marketing,Manager,,1083716326,Dhaka,Bangladesh,23-10-2017,70913,onleave
EMP11328,Marzia Akter,-,M,Research & Development,Junior Executive,marzia.akter91@yahoo.com,1486337983,Khulna,Bangladesh,13-12-2023,28748,active
EMP11103,Selim Rahman,51,female,Operations,Head of Department,selim.rahman74@outlook.com,1512712784,Rajshahi,bangladesh,10/27/2015,N/A,INACTIVE
EMP10026,Tanvir Karim,45,Male,IT,Manager,tanvir.karim46@outlook.com,1023904024,Khulna,Bangladesh,11/25/2015,41845,Inactive
EMP10965,Nurjahan Islam,53,Male,Administration,Analyst,nurjahan.islam78@outlook.com,1277283868,Comilla,Bangladesh,22/11/2023,64632,active
EMP10761,Lubna Talukder,31,Female,Finance,Analyst,lubna.talukder91@yahoo.com,1768850086,Sylhet,Bangladesh,5/14/2018,53109,Suspended
EMP10548,Nazmul Rana,N/A,,Quality Assurance,Junior Executive,nazmul.rana60outlook.com,1324285223,Gazipur,Bangladesh,18-04-2025,147554,On Leave
EMP10709,Rupa Molla,28,Female,Operations,Associate,rupa.molla75@outlook.com,1540978152,Rajshahi,Bangladesh,15/01/2023,79669,in-active
EMP11316,Jannatul Begum,,Man,Research & Development,Executive,jannatul.begum85@yahoo.com,1775461664,Rajshahi,Bangladesh,7/14/2016,N/A,Inactive
EMP11042,Tahmina Akter,27,female,Operations,Executive,tahmina.akter99@yahoo.com,1242044937,Bogura,Bangladesh,15/12/2025,92543,inactive
EMP11267,Imran Alam,45,F,IT,Associate,imran.alam97@outlook.com,1206603284,Mymensingh,Bangladesh,6/8/2018,142637,inactive
EMP10039,  Jamal   Sultana  ,49,Male,Marketing,Deputy Manager,jamal.sultana77@yahoo.com,1178701287,Comilla,BD,7/7/2025,38728,in-active
EMP11339,Salma Rana,51,,Administration,Manager,salma.rana44@outlook.com,1131051314,Rangpur,bangladesh,1/28/2019,99232,Inactive
EMP10344,  Firoz   Uddin  ,-,FEMALE,Legal Affairs,Executive,firoz.uddin83@gmail.com,1019337858,Dhaka,Bangladesh,9/15/2019,25520,inactive
EMP11121,Nurjahan Sheikh,41,male,sales,Deputy Manager,nurjahan.sheikh36@yahoo.com,1732416153,Rajshahi,Bangladesh,,-60936,Active
EMP10816,Tanvir Haque,22,Woman,it,Associate,tanvir.haque44@yahoo.com,1579232457,Chattogram,Bangladesh,13-06-2019,41374,On Leave
EMP10038,Sajib Mahmud,N/A,MALE,Customer Support,Junior Executive,sajib.mahmud35@yahoo.com,,Bogura,Bangladesh,,,in-active
EMP10653,Arif Hossain,,female,IT,Senior Executive,arif.hossain71@yahoo.com,1718019924,Sylhet,bangladesh,15/01/2018,-79167,Suspended
EMP11445,Fatima Chowdhury,57,female,logisitcs,Analyst,fatima.chowdhury51@gmail.com,Not Available,Bogura,BD,12/8/2022,-122970,Suspended
EMP10460,Selim Islam,46,FEMALE,it,Officer,selim.islam47@@gmail.com,1617722407,Rajshahi,bangladesh,15/01/2015,23439,in-active
EMP10509,Ashraf Sarker,30,M,I.T.,Deputy Manager,ashraf.sarker48@@outlook.com,,Gazipur,BD,,42588,Active
EMP11146,Delwar Mahmud,,Man,Logistics,Executive,delwar.mahmud53@outlook.com,1484609655,Rajshahi,Bangladesh,2/7/2018,,in-active
EMP11063,Dilruba Khatun,47,Female,Finance,Senior Officer,dilruba.khatun34@outlook.com,1297911060,Mymensingh,BD,16-05-2023,52065,actve
EMP10588,Habibur Khan,29,FEMALE,fin,Junior Executive,habibur.khan77yahoo.com,1967005317,Khulna,Bangladesh,12/3/2024,69691,ACTIVE
EMP10641,Mizanur Talukder,-,MALE,Finance,Manager,mizanur.talukder1@yahoo.com,1211612263,Chattogram,Bangladesh,,-89831,Suspended
EMP10672,Yusuf Haque,34,Woman,Quality Assurance,Coordinator,yusuf.haque9@outlook.com,1899453892,Gazipur,Bangladesh,11/23/2020,96972,inactive
EMP10825,Zahid Molla,54,F,HR,Executive,zahid.molla88@gmail.com,1670391606,Rangpur,Bangladesh,7/10/2020,42785,active
EMP10239,Alamgir Rana,51,Female,sales,Executive,alamgir.rana75@gmail.com,1804983435,Rajshahi,BD,5/7/2022,Not Available,On Leave
EMP10246,  Kabir   Bhuiyan  ,47,Man,Marketing,Junior Executive,kabir.bhuiyan22@yahoo.com,1395680895,Khulna,BD,2/5/2018,Not Provided,Suspended
EMP10546,Jamal Ahmed,,male,Finance,Analyst,jamal.ahmed19@yahoo.com,1668777984,Mymensingh,Bangladesh,7/11/2025,-66632,Pending
EMP11337,Tahmina Ahmed,37,FEMALE,Operations,Assistant Manager,tahmina.ahmed76@yahoo.com,1630333244,Sylhet,Bangladesh,11/4/2021,88332,Active
EMP10197,  Momtaz   Sheikh  ,22,FEMALE,Marketing,Senior Executive,momtaz.sheikh68@gmail.com,Not Available,Khulna,Bangladesh,7/11/2016,28945,ACTIVE
EMP10898,Nasrin Molla,56,Male,Legal Affairs,Head of Department,nasrin.molla33@@yahoo.com,1141440305,Rangpur,Bangladesh,1/8/2019,Not Available,ACTIVE
EMP10459,  Rina   Sultana  ,57,Woman,Legal Affairs,Team Lead,rina.sultana53@yahoo.com,,Chattogram,Bangladesh,5/9/2015,39961,active
EMP10015,Arif Sultana,31,FEMALE,Research & Development,Senior Officer,arif.sultana15outlook.com,1521871123,Mymensingh,BD,12/17/2021,147838,inactive
EMP10564,Fatima Miah,24,female,admin,Associate,fatima.miah64@yahoo.com,1224933221,Rajshahi,Bangladesh,20/10/2019,unknown,Inactive
EMP10397,Arif Parvin,,Man,support,Analyst,arif.parvin73@yahoo.com,116634104,Barisal,Bangladesh,10/17/2024,45223,inactive
EMP10961,Rina Molla,24,F,IT,Senior Officer,,113150361,Bogura,Bangladesh,3/28/2021,-89481,in-active
EMP10468,Anwar Parvin,59,female,Customer Support,Deputy Manager,,120035152,Dhaka,Bangladesh,,137115,INACTIVE
EMP10625,Rehana Khan,25,MALE,Sales,Senior Executive,rehana.khan18@yahoo.com,1377487402,Rajshahi,Bangladesh,10/4/2024,-106893,Inactive
EMP11450,Wasim Karim,n/a,FEMALE,it,Associate,wasim.karim49yahoo.com,1368587162,Mymensingh,bangladesh,5/3/2023,-26582,inactive
EMP11006,Shirina Miah,N/A,F,Procurement,Senior Executive,shirina.miah15@yahoo.com,1137326406,Comilla,Bangladesh,,146591,active
EMP10075,Salma Molla,52,Man,Finance,Analyst,salma.molla65@outlook.com,1320774895,Comilla,Bangladesh,21/04/2020,78368,pending
EMP11070,Bashir Bhuiyan,-,FEMALE,HR,Team Lead,bashir.bhuiyan10@gmail.com,1144151656,Barisal,Bangladesh,4/11/2025,-91566,ACTIVE
EMP10395,Jannatul Karim,44,,Administration,Junior Executive,jannatul.karim67@yahoo.com,1648010813,Gazipur,Bangladesh,21-08-2024,-65935,actve
EMP10092,Jannatul Sarker,55,M,Human Resources,Associate,jannatul.sarker79@yahoo.com,1490708891,Khulna,Bangladesh,7/10/2018,28454,Suspended
EMP11300,Nasima Miah,44,F,Marketing,Deputy Manager,nasima.miah12@outlook.com,1881418761,Comilla,Bangladesh,3/19/2017,98058,Pending
EMP10350,Farzana Khan,46,,Operations,Associate,farzana.khan49@gmail.com,,Narayanganj,Bangladesh,7/10/2016,36226,Active
EMP11241,Jannatul Ahmed,41,Woman,Administration,Officer,jannatul.ahmed67@yahoo.com,1475991038,Sylhet,Bangladesh,11/24/2019,145490,inactive
EMP10172,Rupa Haque,58,MALE,Logistics,Assistant Manager,rupa.haque45@@gmail.com,1508956040,Chattogram,Bangladesh,3/4/2018,101606,actve
EMP10407,  Ashraf   Uddin  ,n/a,Female,hr,Senior Officer,,1379325754,Rangpur,Bangladesh,1/9/2019,,active
EMP10224,Fatima Alam,23,,Finance,Head of Department,fatima.alam4@yahoo.com,1154021723,Barisal,Bangladesh,21/03/2015,138060,Suspended
EMP10875,Mahfuz Begum,39,MALE,IT,Manager,mahfuz.begum60@gmail.com,1355260621,Khulna,BD,23-11-2021,128572,onleave
EMP10855,Selim Siddiqua,N/A,M,Administration,Team Lead,selim.siddiqua98@gmail.com,1222693377,Rajshahi,Bangladesh,23/10/2015,N/A,ACTIVE
EMP11106,Anisur Begum,21,Female,Operations,Coordinator,anisur.begum70@gmail.com,1060232640,Mymensingh,Bangladesh,6/1/2025,35018,
EMP11082,Afroza Islam,unknown,Female,Logistics,Deputy Manager,afroza.islam60@gmail.com,1997758572,Barisal,Bangladesh,14/09/2023,N/A,Inactive
EMP10636,Farzana Sarker,50,Female,Administration,Senior Executive,farzana.sarker72@yahoo.com,1181531833,Chattogram,Bangladesh,21/01/2016,96638,On Leave
EMP10977,Rina Talukder,48,Man,Administration,Officer,rina.talukder72@outlook.com,,Gazipur,Bangladesh,28-05-2024,unknown,onleave
EMP11105,Afroza Karim,,,Administration,Officer,afroza.karim75@outlook.com,1414066612,Rajshahi,Bangladesh,20/05/2025,71362,pending
EMP10686,Hasan Hossain,55,male,IT,Senior Officer,hasan.hossain84@yahoo.com,,Mymensingh,BD,3/16/2019,22059,Suspended
EMP11474,Karim Ali,48,Male,Procurement,Senior Executive,karim.ali89outlook.com,1468442758,Barisal,Bangladesh,8/18/2019,Not Provided,Suspended
EMP10727,Wasim Pramanik,21,M,Customer Support,Team Lead,wasim.pramanik44@yahoo.com,101410104,Mymensingh,BD,14-05-2019,61326,active
EMP11116,Jannatul Molla,,Woman,markting,Associate,jannatul.molla55@yahoo.com,1391803915,Sylhet,bangladesh,11/11/2018,-123064,On Leave
EMP10577,Jannatul Alam,27,FEMALE,Finance,Junior Executive,jannatul.alam20@yahoo.com,1747366058,Chattogram,Bangladesh,2/8/2022,66767,ACTIVE
EMP11154,Delwar Uddin,26,Male,Innovation Lab,Team Lead,delwar.uddin28gmail.com,1402257899,Barisal,bangladesh,,88855,INACTIVE
EMP11135,Iqbal Biswas,23,Male,IT,Head of Department,iqbal.biswas93@gmail.com,160678598,Sylhet,Bangladesh,20/06/2023,105336,ACTIVE
EMP10137,Rina Islam,21,Female,ops,Assistant Manager,rina.islam5@outlook.com,1837402146,Rangpur,Bangladesh,5/28/2016,132871,actve
EMP10771,Firoz Begum,40,male,sales,Analyst,firoz.begum9@gmail.com,1676115428,Sylhet,bangladesh,12/11/2022,-129575,ACTIVE
EMP11395,Nadia Sheikh,46,FEMALE,Human Resources,Assistant Manager,nadia.sheikh8@yahoo.com,Not Available,Rangpur,BD,6/22/2016,38460,Suspended
EMP10170,Delwar Mollah,53,Female,Marketing,Junior Executive,delwar.mollah32@@outlook.com,1579786682,Bogura,Bangladesh,13/12/2025,,onleave
EMP10158,  Jannatul   Islam  ,,MALE,Customer Support,Coordinator,jannatul.islam36@outlook.com,1883443470,Bogura,Bangladesh,3/3/2016,73180,pending
EMP10548,Nazmul Rana,N/A,,Quality Assurance,Junior Executive,nazmul.rana60outlook.com,1324285223,Gazipur,Bangladesh,18-04-2025,147554,On Leave
EMP10677,Meherun Rana,39,female,sales,Senior Executive,meherun.rana86outlook.com,Not Available,Dhaka,Bangladesh,11/12/2019,129691,
EMP10522,Sohel Ahmed,23,M,Sales,Analyst,sohel.ahmed23@gmail.com,1366605843,Bogura,Bangladesh,,,Active
EMP10569,Hasan Ahmed,38,female,admin,Assistant Manager,hasan.ahmed95@yahoo.com,1427367361,Bogura,Bangladesh,,26166,Suspended
EMP10957,Kamal Biswas,49,MALE,Innovation Lab,Senior Officer,kamal.biswas78@gmail.com,1928824661,Chattogram,Bangladesh,12/13/2018,-29188,Pending
EMP11412,  Sohel   Mollah  ,26,Man,Marketing,Deputy Manager,sohel.mollah53@gmail.com,1558968919,Gazipur,Bangladesh,,108733,pending
EMP11290,  Kamal   Islam  ,52,FEMALE,Operations,Manager,kamal.islam92@gmail.com,1386324584,Narayanganj,Bangladesh,24/08/2018,Not Provided,inactive
EMP10684,Fatima Molla,thirty two,MALE,Research & Development,Senior Officer,fatima.molla54@gmail.com,1231351901,Gazipur,Bangladesh,28/05/2023,30417,pending
EMP11182,Rehana Hossain,59,,IT,Head of Department,rehana.hossain60@yahoo.com,113676296,Chattogram,Bangladesh,12/12/2023,N/A,
EMP11213,Faruk Mahmud,31,Man,Administration,Senior Officer,faruk.mahmud72@gmail.com,1886145649,Barisal,BD,15-06-2024,85200,Pending
EMP10408,Jannatul Khan,36,female,Research & Development,Assistant Manager,jannatul.khan15@gmail.com,1375603114,Rangpur,Bangladesh,5/7/2021,104831,Pending
EMP11254,Salma Ali,54,F,IT,Senior Officer,salma.ali94@outlook.com,1652237085,Barisal,Bangladesh,19/10/2017,49666,in-active
EMP10444,Mahfuz Pramanik,31,Man,IT,Officer,mahfuz.pramanik69@yahoo.com,1357929631,Dhaka,Bangladesh,7/25/2024,123928,active
EMP10610,Tanvir Khan,40,MALE,Operations,Manager,tanvir.khan62@gmail.com,1857797353,Mymensingh,Bangladesh,5/14/2018,106740,pending
EMP11081,Shirin Rana,,F,sales,Associate,shirin.rana9@gmail.com,1246911103,Comilla,Bangladesh,9/3/2021,,in-active
EMP11407,Rubel Haque,32,,support,Senior Officer,rubel.haque93@yahoo.com,124306522,Rajshahi,Bangladesh,7/6/2018,124057,Active
EMP10353,Yusuf Chowdhury,45,male,it,Head of Department,yusuf.chowdhury9@yahoo.com,1175887732,Chattogram,Bangladesh,10/7/2024,49055,Active
EMP10331,Ayesha Karim,37,male,Sales,Officer,ayesha.karim24@yahoo.com,1424687117,Rangpur,Bangladesh,7/13/2016,125255,INACTIVE
EMP10162,Rowshan Hossain,23,M,admin,Senior Executive,rowshan.hossain76@outlook.com,Not Available,Rajshahi,Bangladesh,3/4/2024,126853,INACTIVE
EMP10314,Shirin Begum,,Female,Sales,Junior Executive,shirin.begum88@gmail.com,1267509610,Rangpur,Bangladesh,28-01-2017,37696,Suspended
EMP10139,Ashraf Karim,47,Woman,HR,Analyst,ashraf.karim14@gmail.com,1180394382,Chattogram,Bangladesh,14-11-2018,108713,ACTIVE
EMP10782,Meherun Akter,24,female,sales,Deputy Manager,meherun.akter1@yahoo.com,1071636131,Sylhet,Bangladesh,8/23/2025,95331,Suspended
EMP10922,Roksana Siddiqua,57,Male,Logistics,Team Lead,roksana.siddiqua35@@outlook.com,1795668542,Rangpur,Bangladesh,1/11/2023,97750,inactive
EMP10646,Meherun Pramanik,n/a,female,Human Resources,Head of Department,meherun.pramanik82@outlook.com,1936919404,Barisal,Bangladesh,6/9/2015,129040,active
EMP10143,  Yusuf   Khan  ,n/a,Man,it,Senior Executive,yusuf.khan93@outlook.com,114334514,Chattogram,Bangladesh,,53171,inactive
EMP10906,Kawsar Islam,48,female,Sales,Officer,kawsar.islam93outlook.com,1099420107,Narayanganj,Bangladesh,,118274,actve
EMP11488,Mamun Bhuiyan,59,female,hr,Head of Department,mamun.bhuiyan51@gmail.com,Not Available,Barisal,Bangladesh,31/02/2023,26590,On Leave
EMP10297,  Lubna   Talukder  ,45,,Finance,Head of Department,lubna.talukder39gmail.com,1240639618,Chattogram,Bangladesh,,76766,actve
EMP10388,Rowshan Ali,51,,Operations,Manager,rowshan.ali46@gmail.com,1741687223,Sylhet,Bangladesh,1/25/2018,88294,onleave
EMP10765,Tanvir Pramanik,58,female,HR,Officer,tanvir.pramanik6@outlook.com,186273223,Mymensingh,Bangladesh,19-06-2023,28672,Pending
EMP11323,Ruma Biswas,21,FEMALE,HR,Coordinator,ruma.biswas76@gmail.com,1445645792,Rajshahi,Bangladesh,,54012,active
EMP10752,Afroza Ahmed,36,MALE,IT,Assistant Manager,afroza.ahmed1@@outlook.com,1449093426,Dhaka,Bangladesh,13-02-2021,43182,Active
EMP10516,Rafiq Rana,40,female,Innovation Lab,Team Lead,rafiq.rana26@outlook.com,1172265951,Narayanganj,Bangladesh,4/2/2020,112272,active
EMP11048,  Jannatul   Ali  ,,female,Finance,Team Lead,jannatul.ali91@outlook.com,1507134357,Chattogram,Bangladesh,3/22/2016,-139202,onleave
EMP10999,Ayesha Khan,54,Man,Human Resources,Team Lead,ayesha.khan53@yahoo.com,1593606588,Chattogram,Bangladesh,7/4/2021,62878,inactive
EMP10475,Marzia Hossain,37,MALE,it,Team Lead,marzia.hossain39@yahoo.com,,Rajshahi,Bangladesh,7/2/2022,117980,Suspended
EMP10788,Mamun Biswas,,Man,Finance,Deputy Manager,mamun.biswas56@gmail.com,1623893338,Narayanganj,Bangladesh,3/17/2022,53192,ACTIVE
EMP10955,Firoz Ali,33,Man,Research & Development,Analyst,firoz.ali86@gmail.com,1869088520,Narayanganj,BD,21-04-2018,,
EMP10398,Sohel Hossain,N/A,F,Human Resources,Manager,sohel.hossain7@outlook.com,1631071610,Bogura,Bangladesh,14/03/2022,-147870,onleave
EMP10745,Habibur Siddiqua,30,female,Research & Development,Junior Executive,habibur.siddiqua47@yahoo.com,1921873106,Chattogram,Bangladesh,15-03-2019,46298,ACTIVE
EMP11451,Ashraf Khatun,41,female,Logistics,Analyst,ashraf.khatun31@yahoo.com,1792062208,Gazipur,bangladesh,24/07/2023,107080,On Leave
EMP10994,Sabbir Sultana,38,MALE,markting,Senior Executive,sabbir.sultana70@outlook.com,1370313280,Rajshahi,Bangladesh,26-11-2020,95741,onleave
EMP10789,Nurjahan Miah,51,,support,Assistant Manager,nurjahan.miah7@outlook.com,1056815222,Mymensingh,Bangladesh,7/4/2017,69870,in-active
EMP11348,Shathi Uddin,40,M,Operations,Executive,shathi.uddin10yahoo.com,1988421144,Barisal,Bangladesh,27-12-2020,96258,Pending
EMP10903,Firoz Sultana,43,Woman,fin,Junior Executive,firoz.sultana88@yahoo.com,118006684,Narayanganj,Bangladesh,23-05-2023,,Suspended
EMP10892,Ayesha Khatun,23,F,Sales,Assistant Manager,ayesha.khatun29@@yahoo.com,,Rangpur,Bangladesh,12/27/2020,115432,pending
EMP10570,Wasim Karim,thirty two,FEMALE,I.T.,Team Lead,wasim.karim8@yahoo.com,,Barisal,Bangladesh,19/09/2024,-76578,Active
EMP10208,Mahfuz Siddiqua,39,Man,Sales,Senior Officer,mahfuz.siddiqua54@outlook.com,1609782143,Narayanganj,Bangladesh,7/11/2024,-109303,onleave
EMP11023,Alamgir Uddin,thirty two,F,Marketing,Deputy Manager,alamgir.uddin80@outlook.com,1566621942,Chattogram,Bangladesh,1/2/2016,-41613,ACTIVE
EMP11264,Shathi Miah,31,MALE,Customer Support,Head of Department,,1968086671,Mymensingh,Bangladesh,,83789,Active
EMP10520,Anisur Sultana,33,FEMALE,Research & Development,Senior Officer,anisur.sultana34@outlook.com,1070578128,Chattogram,Bangladesh,15-12-2020,131576,Suspended
EMP10105,Tarek Talukder,28,male,hr,Senior Officer,tarek.talukder79@gmail.com,1697314371,Sylhet,BD,9/12/2020,142283,Pending
EMP11426,Mahfuz Sheikh,22,male,Customer Support,Head of Department,mahfuz.sheikh5@outlook.com,1972748726,Sylhet,Bangladesh,17-07-2018,50845,On Leave
EMP11004,  Shirin   Sarker  ,34,male,Human Resources,Executive,shirin.sarker62@outlook.com,1243875276,Khulna,Bangladesh,1/26/2015,107634,Active
